,time,high,low,open,volumefrom,volumeto,close,conversionType,conversionSymbol,date,coin
1,1609545600,33257.29,29036.26,29388.94,119214.75,3750440817.91,32203.64,direct,,2021-01-01,BTC
365,1640995200,46727.17,46196.03,46197.31,1522.23,70745214.97,46710.49,direct,,2021-12-31,BTC
1,1609545600,788.27,716.71,730.6,904953.39,688632713.33,774.9,direct,,2021-01-01,ETH
365,1640995200,3727.96,3675.65,3675.79,15234.71,56459157.57,3722.66,direct,,2021-12-31,ETH
1,1609545600,41.48,36.81,37.76,900235.92,34470148.57,38.29,multiply,BTC,2021-01-01,BNB
365,1640995200,518.18,511.36,511.71,6048.8,3111832.18,518.02,direct,,2021-12-31,BNB
1,1609545600,1.034,0.9024,1.002,119214.75,119318.72,1.001,invert_divide,BTC,2021-01-01,USDT
365,1640995200,1.0,0.9999,1.0,8257636.6,8257209.69,1.0,direct,,2021-12-31,USDT
1,1609545600,2.012,1.752,1.847,1060347.35,1907901.86,1.799,multiply,ETH,2021-01-01,SOL
365,1640995200,172.79,169.9,169.93,103886.19,17830254.87,172.63,direct,,2021-12-31,SOL
1,1609545600,0.1847,0.1689,0.1755,83287104.58,14807147.65,0.1772,direct,,2021-01-01,ADA
365,1640995200,1.334,1.308,1.309,4076585.27,5385322.77,1.329,direct,,2021-12-31,ADA
1,1609545600,1.032,0.9013,0.9999,119214.75,119174.49,0.9997,invert_divide,BTC,2021-01-01,USDC
365,1640995200,1.0,1.0,1.0,280461.69,280482.72,1.0,direct,,2021-12-31,USDC
1,1609545600,0.2387,0.2117,0.2379,563620216.37,127336480.83,0.2212,direct,,2021-01-01,XRP
365,1640995200,0.8398,0.8292,0.8292,1686611.54,1409378.85,0.838,direct,,2021-12-31,XRP
1,1609545600,0.7127,0.6106,0.6486,7529318.57,4747591.28,0.6305,multiply,BTC,2021-01-01,LUNA
365,1640995200,87.08,85.48,85.48,27682.75,2385007.24,86.93,direct,,2021-12-31,LUNA
1,1609545600,9.831,7.918,8.294,4307596.99,38331200.26,9.218,direct,,2021-01-01,DOT
365,1640995200,27.29,26.62,26.64,188854.19,5107366.05,27.23,direct,,2021-12-31,DOT
1,1609545600,4.328,3.23,3.659,962335.82,3365591.79,3.497,multiply,BTC,2021-01-01,AVAX
365,1640995200,112.0,109.4,109.42,49129.47,5449368.11,111.6,direct,,2021-12-31,AVAX
1,1609545600,0.01408,0.005597,0.005699,3708310837.38,34174268.9,0.01058,direct,,2021-01-01,DOGE
365,1640995200,0.1721,0.17,0.1703,7631021.11,1306475.57,0.1718,direct,,2021-12-31,DOGE
365,1640995200,3.39e-05,3.331e-05,3.331e-05,219577086623.92,7378525.5,3.389e-05,direct,,2021-12-31,SHIB
1,1609545600,0.01939,0.01716,0.01781,1149537.08,21309.78,0.01861,direct,,2021-01-01,MATIC
365,1640995200,2.592,2.524,2.526,1830361.17,4697489.84,2.576,direct,,2021-12-31,MATIC
1,1609545600,1.033,0.9015,0.9994,119214.75,119198.98,0.9999,invert_divide,BTC,2021-01-01,BUSD
365,1640995200,1.0,0.9999,0.9999,268758.65,268749.64,0.9999,direct,,2021-12-31,BUSD
1,1609545600,0.07108,0.05763,0.05965,31844065.29,2013000.81,0.06123,direct,,2021-01-01,CRO
365,1640995200,0.5648,0.556,0.5563,2585954.9,1448695.38,0.5648,direct,,2021-12-31,CRO
1,1609545600,33466.84,29049.98,29407.38,338.83,10655295.95,32200.05,direct,,2021-01-01,WBTC
365,1640995200,46935.02,46092.65,46278.2,6.265,292560.02,46694.7,multiply,ETH,2021-12-31,WBTC
1,1609545600,5.187,4.495,4.753,8306781.02,39914920.46,4.862,direct,,2021-01-01,UNI
365,1640995200,17.23,16.99,17.01,66765.5,1144061.77,17.22,direct,,2021-12-31,UNI
1,1609545600,0.4641,0.3822,0.399,128138515.93,54319279.86,0.4081,direct,,2021-01-01,ALGO
365,1640995200,1.692,1.658,1.659,2086876.42,3501712.97,1.683,direct,,2021-12-31,ALGO
1,1609545600,141.72,123.65,126.49,1847853.21,246193745.33,136.99,direct,,2021-01-01,LTC
365,1640995200,149.49,146.15,146.16,22909.64,3379198.74,148.81,direct,,2021-12-31,LTC
1,1609545600,1.105,0.9725,1.008,261373.27,263457.44,1.008,multiply,BTC,2021-01-01,UST
365,1640995200,1.002,1.001,1.001,260662.11,261011.0,1.002,direct,,2021-12-31,UST
1,1609545600,12.43,11.47,11.88,5499382.52,65755947.09,12.23,direct,,2021-01-01,LINK
365,1640995200,20.08,19.51,19.51,320180.88,6347087.35,20.08,direct,,2021-12-31,LINK
1,1609545600,1.006,0.9985,1.005,12156024.67,12182999.4,0.9999,direct,,2021-01-01,DAI
365,1640995200,1.0,0.9998,0.9998,570332.19,570290.87,0.9999,direct,,2021-12-31,DAI
1,1609545600,1.52,1.356,1.358,1177565.34,1660978.79,1.411,multiply,BTC,2021-01-01,NEAR
365,1640995200,14.79,14.6,14.6,194.42,2868.63,14.71,direct,,2021-12-31,NEAR
1,1609545600,380.97,349.41,342.38,374680.99,132847669.8,354.56,multiply,BTC,2021-01-01,BCH
365,1640995200,435.32,430.27,430.54,2004.11,868649.37,434.74,direct,,2021-12-31,BCH
1,1609545600,0.02787,0.02657,0.0269,51757958.47,1396961.91,0.02723,direct,,2021-01-01,TRX
365,1640995200,0.07593,0.07526,0.07539,3822038.15,288914.68,0.07581,direct,,2021-12-31,TRX
1,1609545600,5.895,5.249,5.88,2165216.94,12002274.93,5.412,direct,,2021-01-01,ATOM
365,1640995200,33.71,32.39,32.47,136660.92,4184697.98,33.69,direct,,2021-12-31,ATOM
1,1609545600,0.1349,0.127,0.1324,237134488.88,30833329.5,0.1276,direct,,2021-01-01,XLM
365,1640995200,0.2699,0.2662,0.2665,9594933.59,2575867.8,0.2696,direct,,2021-12-31,XLM
1,1609545600,0.08337,0.07764,0.08337,1252234.59,99546.03,0.07944,direct,,2021-01-01,MANA
365,1640995200,3.322,3.261,3.268,1023966.18,3364435.03,3.313,direct,,2021-12-31,MANA
1,1609545600,0.6901,0.5314,0.5925,2609237.0,1407451.06,0.5394,multiply,BTC,2021-01-01,AXS
365,1640995200,94.56,93.19,93.25,8087.44,760052.22,94.51,direct,,2021-12-31,AXS
1,1609545600,0.04283,0.03671,0.03703,22282959.15,846759.03,0.038,multiply,BTC,2021-01-01,SAND
365,1640995200,5.993,5.835,5.835,34034.25,200842.36,5.988,direct,,2021-12-31,SAND
1,1609545600,0.03437,0.03175,0.03302,5369769.96,175405.57,0.03322,direct,,2021-01-01,HBAR
365,1640995200,0.2945,0.2887,0.2901,4294110.42,1251035.44,0.2945,direct,,2021-12-31,HBAR
1,1609545600,6.298,5.741,5.825,1225079.29,7470250.11,6.195,direct,,2021-01-01,FTT
365,1640995200,38.85,38.25,38.26,27152.97,1046565.09,38.84,direct,,2021-12-31,FTT
1,1609545600,0.0212,0.0185,0.0192,168524204.1,3352182.98,0.02,direct,,2021-01-01,VET
365,1640995200,0.08469,0.0827,0.0827,9323225.76,782912.36,0.08469,direct,,2021-12-31,VET
1,1609545600,0.0184,0.01641,0.0173,1456948.89,24205.54,0.01661,multiply,ETH,2021-01-01,FTM
365,1640995200,2.333,2.249,2.253,818413.14,1882119.23,2.323,direct,,2021-12-31,FTM
1,1609545600,23.22,21.38,22.27,218147.91,4845367.89,21.77,direct,,2021-01-01,FIL
365,1640995200,34.7,34.23,34.26,29355.25,1014648.96,34.65,direct,,2021-12-31,FIL
1,1609545600,28.83,25.32,26.22,394768.61,10320402.2,26.14,multiply,BTC,2021-01-01,EGLD
365,1640995200,244.28,238.6,238.6,563.14,136763.27,244.28,direct,,2021-12-31,EGLD
365,1640995200,25.11,24.41,24.44,55278.16,1368450.67,25.1,direct,,2021-12-31,ICP
1,1609545600,2.511,2.066,1.974,1770421.09,4261119.23,2.407,multiply,ETH,2021-01-01,THETA
365,1640995200,4.805,4.703,4.703,88531.71,425295.8,4.804,multiply,BTC,2021-12-31,THETA
1,1609545600,5.965,5.599,5.714,540329.37,3135208.72,5.795,direct,,2021-01-01,ETC
365,1640995200,34.53,34.05,34.08,10976.75,376999.22,34.52,direct,,2021-12-31,ETC
1,1609545600,150.71,137.28,135.95,744752.23,106871512.93,143.5,multiply,BTC,2021-01-01,XMR
365,1640995200,233.61,228.68,228.71,2037.95,471555.53,232.86,direct,,2021-12-31,XMR
1,1609545600,0.2964,0.2795,0.2903,2072263.16,594792.33,0.2864,direct,,2021-01-01,MIOTA
365,1640995200,1.385,1.365,1.365,70230.57,96529.04,1.378,direct,,2021-12-31,MIOTA
1,1609545600,1.52,1.278,1.355,145011.66,187263.12,1.291,multiply,BTC,2021-01-01,HNT
365,1640995200,39.0,37.75,37.75,11218.69,431860.39,38.76,direct,,2021-12-31,HNT
1,1609545600,2.059,1.95,2.011,6158999.77,12348039.84,1.999,direct,,2021-01-01,XTZ
365,1640995200,4.439,4.335,4.342,377052.4,1656876.65,4.427,direct,,2021-12-31,XTZ
1,1609545600,1.395,1.382,1.394,374639.63,522339.39,1.395,direct,,2021-01-01,LEO
365,1640995200,3.772,3.761,3.761,1957.58,7377.93,3.77,direct,,2021-12-31,LEO
1,1609545600,101.06,83.28,90.87,187630.08,16121047.29,85.92,multiply,BTC,2021-01-01,AAVE
365,1640995200,263.02,253.72,254.01,8516.6,2201764.25,262.9,direct,,2021-12-31,AAVE
1,1609545600,0.55,0.4544,0.4976,1135707.19,551900.23,0.486,multiply,BTC,2021-01-01,KLAY
365,1640995200,1.302,1.276,1.276,26608.17,34446.12,1.295,multiply,BTC,2021-12-31,KLAY
365,1640995200,0.4583,0.4501,0.4507,3539837.0,1606482.88,0.4581,direct,,2021-12-31,GALA
1,1609545600,0.3629,0.3108,0.3629,86929135.69,29450001.12,0.3272,direct,,2021-01-01,GRT
365,1640995200,0.6598,0.6413,0.6423,1386385.72,903979.09,0.659,direct,,2021-12-31,GRT
365,1640995200,11.9,11.71,11.73,9257.9,109948.53,11.88,multiply,BTC,2021-12-31,CAKE
1,1609545600,2.724,2.565,2.64,6161474.96,16170704.18,2.632,direct,,2021-01-01,EOS
365,1640995200,3.078,3.032,3.032,241515.38,736862.9,3.077,direct,,2021-12-31,EOS
365,1640995200,2.254,2.165,2.17,4639.05,10373.14,2.25,direct,,2021-12-31,STX
365,1640995200,8.872,8.797,8.815,6148.88,54329.29,8.859,direct,,2021-12-31,FLOW
1,1609545600,0.0003544,0.0002904,0.0002923,106322833.04,34668.66,0.0003411,direct,,2021-01-01,BTT
365,1640995200,0.002766,0.002711,0.002711,40390485.35,110953.66,0.002748,direct,,2021-12-31,BTT
1,1609545600,0.18,0.1701,0.176,7688525.69,1350045.35,0.1756,direct,,2021-01-01,LRC
365,1640995200,2.12,2.084,2.088,824646.1,1736889.56,2.104,direct,,2021-12-31,LRC
1,1609545600,0.0049,0.0041,0.0043,19752311.8,85889.35,0.0044,direct,,2021-01-01,ONE
365,1640995200,0.2399,0.2334,0.2334,1249404.0,296016.15,0.2399,direct,,2021-12-31,ONE
1,1609545600,76.61,67.66,69.65,119883.69,8300486.07,69.24,multiply,BTC,2021-01-01,KSM
365,1640995200,281.26,276.24,277.3,576.36,160413.59,280.23,direct,,2021-12-31,KSM
1,1609545600,617.75,569.83,582.36,7055.52,4239536.44,610.72,direct,,2021-01-01,MKR
365,1640995200,2358.16,2332.12,2332.15,218.83,513611.65,2346.8,direct,,2021-12-31,MKR
1,1609545600,179.21,160.37,162.96,220239.99,35937846.22,163.18,multiply,BTC,2021-01-01,BSV
365,1640995200,122.13,120.98,121.1,29.49,3587.27,121.85,direct,,2021-12-31,BSV
1,1609545600,0.624,0.567,0.624,1090044.54,650317.54,0.616,direct,,2021-01-01,CRV
365,1640995200,5.662,5.321,5.322,545969.39,3004386.47,5.647,direct,,2021-12-31,CRV
1,1609545600,0.1351,0.1261,0.1351,771360.65,101386.79,0.1299,direct,,2021-01-01,ENJ
365,1640995200,2.626,2.572,2.573,194035.75,504928.34,2.611,direct,,2021-12-31,ENJ
1,1609545600,13.52,6.975,11.2,34322.47,389621.23,11.35,multiply,BTC,2021-01-01,QNT
365,1640995200,179.63,178.45,179.22,677.01,121216.78,179.46,direct,,2021-12-31,QNT
1,1609545600,0.007407,0.006119,0.006172,61068.25,373.66,0.006119,multiply,BTC,2021-01-01,AMP
365,1640995200,0.0488,0.0482,0.0483,7634329.4,373337.93,0.0487,direct,,2021-12-31,AMP
1,1609545600,13.3,12.9,13.15,389.8,5085.65,12.9,direct,,2021-01-01,XEC
365,1640995200,0.0001074,0.0001069,0.000107,108307.99,11.61,0.0001072,direct,,2021-12-31,XEC
1,1609545600,0.1675,0.1417,0.1464,148283.13,22157.19,0.1494,multiply,BTC,2021-01-01,KDA
365,1640995200,12.68,12.36,12.38,332.9,4215.22,12.66,multiply,BTC,2021-12-31,KDA
1,1609545600,64.28,56.36,56.81,681860.09,39195702.71,57.48,multiply,BTC,2021-01-01,ZEC
365,1640995200,148.52,146.48,146.52,1260.65,185709.32,148.22,direct,,2021-12-31,ZEC
1,1609545600,2.907,2.637,2.632,26081.82,69888.95,2.68,multiply,ETH,2021-01-01,AR
365,1640995200,62.12,58.99,58.99,2140.45,132461.92,61.89,multiply,BTC,2021-12-31,AR
1,1609545600,16.06,13.98,14.49,1522675.51,21987605.17,14.44,multiply,BTC,2021-01-01,NEO
365,1640995200,26.02,25.66,25.66,2071.62,53372.8,26.02,direct,,2021-12-31,NEO
1,1609545600,0.2091,0.199,0.2047,4261598.04,872014.47,0.2029,direct,,2021-01-01,BAT
365,1640995200,1.26,1.204,1.205,1128319.57,1388791.27,1.26,direct,,2021-12-31,BAT
1,1609545600,1.494,1.411,1.461,1101637.67,1587889.65,1.444,direct,,2021-01-01,CELO
365,1640995200,5.03,4.87,4.87,44059.5,218874.75,5.03,direct,,2021-12-31,CELO
1,1609545600,10.49,8.08,9.222,1906544.88,15902000.4,8.341,multiply,BTC,2021-01-01,OKB
365,1640995200,29.29,28.75,28.81,12678.25,370764.43,29.24,multiply,BTC,2021-12-31,OKB
1,1609545600,1.473,1.292,1.29,2858555.0,3696043.43,1.293,multiply,BTC,2021-01-01,RUNE
365,1640995200,6.985,6.79,6.801,15122.3,104524.28,6.971,direct,,2021-12-31,RUNE
1,1609545600,0.02086,0.019,0.02086,167236.22,3240.04,0.01921,direct,,2021-01-01,CHZ
365,1640995200,0.2888,0.2833,0.2833,845949.27,241576.08,0.2888,direct,,2021-12-31,CHZ
1,1609545600,0.7425,0.6542,0.6873,198678.55,135465.89,0.6818,multiply,ETH,2021-01-01,KCS
365,1640995200,21.76,21.35,21.43,1369.42,29750.93,21.73,multiply,BTC,2021-12-31,KCS
1,1609545600,5.983,5.438,5.983,466836.13,2653103.12,5.593,direct,,2021-01-01,WAVES
365,1640995200,14.79,14.53,14.53,7417.07,108632.37,14.76,direct,,2021-12-31,WAVES
1,1609545600,5.705,4.757,5.184,1082976.97,5260098.42,4.857,multiply,ETH,2021-01-01,HT
365,1640995200,9.446,9.362,9.378,4244.3,39956.53,9.425,direct,,2021-12-31,HT
1,1609545600,98.16,86.89,88.31,468865.27,40782853.75,86.98,multiply,BTC,2021-01-01,DASH
365,1640995200,135.86,133.63,133.73,1428.62,192723.59,135.78,direct,,2021-12-31,DASH
1,1609545600,0.04734,0.03864,0.04232,13287235.0,543429.61,0.0409,multiply,BTC,2021-01-01,ROSE
365,1640995200,0.4436,0.429,0.429,61132.8,26572.34,0.44,direct,,2021-12-31,ROSE
1,1609545600,0.6765,0.5671,0.581,3772710.56,2463026.35,0.6529,multiply,ETH,2021-01-01,NEXO
365,1640995200,2.431,2.387,2.398,4088.76,9899.96,2.421,multiply,BTC,2021-12-31,NEXO
1,1609545600,1.033,0.9019,0.9998,119214.75,119242.45,1.0,invert_divide,BTC,2021-01-01,TUSD
365,1640995200,0.9976,0.9976,0.9976,312429.42,312250.9,0.9994,invert_divide,ETH,2021-12-31,TUSD
1,1609545600,0.000834,0.000602,0.000604,19426303.6,14679.28,0.000798,direct,,2021-01-01,HOT
365,1640995200,0.007456,0.007278,0.007315,1304401.0,9718.1,0.00745,multiply,ETH,2021-12-31,HOT
1,1609545600,147.89,134.89,145.91,35004.24,4968694.47,136.69,direct,,2021-01-01,COMP
365,1640995200,203.57,199.72,199.87,2088.11,421720.0,203.49,direct,,2021-12-31,COMP
1,1609545600,3.366,3.024,3.337,385594.0,1228495.16,3.194,direct,,2021-01-01,SUSHI
365,1640995200,9.496,9.257,9.433,448284.01,4219183.08,9.395,direct,,2021-12-31,SUSHI
365,1640995200,3.59,3.54,3.54,148.09,528.06,3.59,direct,,2021-12-31,MINA
1,1609545600,0.007338,0.006331,0.006634,28405388.87,187756.69,0.00661,multiply,ETH,2021-01-01,IOTX
365,1640995200,0.1489,0.1478,0.148,1011598.0,150059.57,0.1488,direct,,2021-12-31,IOTX
365,1640995200,0.1008,0.09862,0.09888,39456.84,3956.74,0.1003,multiply,ETH,2021-12-31,XDC
1,1609545600,0.2269,0.2008,0.2249,96423.04,20523.53,0.203,direct,,2021-01-01,XEM
365,1640995200,0.1248,0.1224,0.1229,857726.12,106601.71,0.1243,multiply,BTC,2021-12-31,XEM
1,1609545600,6.19,5.793,5.493,861433.54,5173751.63,6.006,multiply,BTC,2021-01-01,CEL
365,1640995200,4.411,4.383,4.385,2755.06,12135.39,4.403,direct,,2021-12-31,CEL
1,1609545600,22369.61,21346.49,21891.29,925.6,20190037.87,21503.19,direct,,2021-01-01,YFI
365,1640995200,33620.5,33026.81,33045.07,65.11,2175794.28,33405.15,direct,,2021-12-31,YFI
1,1609545600,78.65,74.39,72.33,1804.59,136887.1,75.85,multiply,ETH,2021-01-01,GNO
365,1640995200,537.0,530.0,530.28,65.15,34891.66,533.98,direct,,2021-12-31,GNO
365,1640995200,2.422,2.39,2.39,143137.1,344599.01,2.422,direct,,2021-12-31,1INCH
1,1609545600,0.03939,0.03358,0.03398,573421.37,21479.6,0.03746,multiply,ETH,2021-01-01,TFUEL
365,1640995200,0.1982,0.1913,0.1913,955877.0,187215.91,0.1959,multiply,BTC,2021-12-31,TFUEL
1,1609545600,0.01336,0.0121,0.01309,6481408.37,83174.63,0.01287,direct,,2021-01-01,RVN
365,1640995200,0.1029,0.09842,0.09842,5824711.85,585534.71,0.1028,direct,,2021-12-31,RVN
1,1609545600,48.47,43.93,40.94,122488.41,5613126.89,45.83,multiply,BTC,2021-01-01,DCR
365,1640995200,70.82,69.48,69.76,247.85,17544.5,70.79,multiply,BTC,2021-12-31,DCR
1,1609545600,0.08155,0.07111,0.0794,35426703.61,2731420.74,0.0728,direct,,2021-01-01,ZIL
365,1640995200,0.07599,0.07451,0.07461,633135.02,47707.91,0.0757,direct,,2021-12-31,ZIL
1,1609545600,1.014,0.9614,1.0,88160.46,87930.52,0.9974,invert_divide,BNB,2021-01-01,USDP
365,1640995200,0.9988,0.9987,0.9987,29919.44,29903.17,0.9995,invert_divide,BTC,2021-12-31,USDP
1,1609545600,2.305,2.197,2.269,148320.79,333685.97,2.23,direct,,2021-01-01,QTUM
365,1640995200,8.849,8.729,8.729,2311.66,20283.68,8.839,direct,,2021-12-31,QTUM
1,1609545600,0.4596,0.4266,0.4485,536484.79,238546.58,0.4317,direct,,2021-01-01,ICX
365,1640995200,1.238,1.22,1.223,99806.85,122566.11,1.237,direct,,2021-12-31,ICX
1,1609545600,1.584,1.413,1.446,3081.82,4446.21,1.443,multiply,BTC,2021-01-01,LPT
365,1640995200,40.61,39.56,39.69,2755.23,110686.37,40.52,direct,,2021-12-31,LPT
1,1609545600,0.1816,0.144,0.1658,3984398.2,618464.44,0.1552,multiply,BTC,2021-01-01,VGX
365,1640995200,3.019,2.934,2.968,22214.4,66813.06,3.008,multiply,BTC,2021-12-31,VGX
365,1640995200,1.617,1.601,1.601,9206.61,14829.33,1.612,direct,,2021-12-31,AUDIO
1,1609545600,0.03897,0.0277,0.0291,58438.93,1787.85,0.03059,multiply,BTC,2021-01-01,BORA
365,1640995200,1.023,0.9895,0.9932,1816.46,1817.97,1.001,multiply,BTC,2021-12-31,BORA
1,1609545600,0.03781,0.0343,0.03644,1466455.05,53339.06,0.03602,direct,,2021-01-01,WAXP
365,1640995200,0.4527,0.4504,0.4504,27680.74,12493.42,0.4512,direct,,2021-12-31,WAXP
1,1609545600,2.74,2.467,2.549,4373297.51,11252370.58,2.543,direct,,2021-01-01,OMG
365,1640995200,5.967,5.869,5.875,124216.25,736553.91,5.965,direct,,2021-12-31,OMG
1,1609545600,0.009369,0.008377,0.008833,58632.49,491.14,0.008377,multiply,ETH,2021-01-01,ANKR
365,1640995200,0.1025,0.1002,0.1002,4045786.6,412117.74,0.1024,direct,,2021-12-31,ANKR
1,1609545600,34266.08,30810.02,29479.71,1.435,45858.12,31956.88,multiply,ETH,2021-01-01,RENBTC
365,1640995200,46746.74,46131.36,46132.63,0.0028,130.64,46658.81,multiply,BTC,2021-12-31,RENBTC
1,1609545600,0.0132,0.01127,0.01176,1223790.41,14187.78,0.01159,multiply,BTC,2021-01-01,REV
1,1609545600,0.7098,0.5827,0.6298,175520.75,105408.55,0.6005,multiply,ETH,2021-01-01,SCRT
365,1640995200,5.147,5.003,5.086,3503.5,17761.11,5.07,multiply,BTC,2021-12-31,SCRT
365,1640995200,2.79e-06,2.74e-06,2.74e-06,969590696821.92,2695462.14,2.78e-06,multiply,USDT,2021-12-31,NFT
1,1609545600,1.325,1.264,1.296,847374.65,1097135.51,1.277,direct,,2021-01-01,BNT
365,1640995200,3.279,3.211,3.211,30404.44,98388.13,3.279,direct,,2021-12-31,BNT
1,1609545600,0.004996,0.00326,0.003376,383790812.61,1645004.68,0.00458,direct,,2021-01-01,SC
365,1640995200,0.01547,0.01518,0.01518,3334844.17,50976.91,0.01543,direct,,2021-12-31,SC
1,1609545600,13.2,11.38,11.78,277507.1,3257441.27,11.74,multiply,BTC,2021-01-01,ZEN
365,1640995200,61.67,60.5,60.57,470.06,28693.36,61.61,direct,,2021-12-31,ZEN
1,1609545600,9.307,8.148,8.464,114123.21,959222.7,8.405,multiply,BTC,2021-01-01,BTG
365,1640995200,41.12,40.14,40.32,50.12,2051.54,40.93,multiply,ETH,2021-12-31,BTG
1,1609545600,0.000186,0.0001705,0.000168,40566433.08,7230.03,0.0001782,multiply,ETH,2021-01-01,TEL
365,1640995200,0.01208,0.01176,0.0118,562696.05,6727.01,0.01195,multiply,ETH,2021-12-31,TEL
1,1609545600,0.3986,0.3582,0.3758,15882836.13,5979547.15,0.3607,direct,,2021-01-01,ZRX
365,1640995200,0.8171,0.8028,0.8034,295818.6,240595.18,0.8162,direct,,2021-12-31,ZRX
365,1640995200,8.97,8.694,8.694,17051.57,150625.39,8.84,direct,,2021-12-31,PERP
1,1609545600,0.004471,0.003983,0.004048,3777599.51,15133.94,0.004006,multiply,ETH,2021-01-01,CKB
365,1640995200,0.02244,0.02217,0.02217,564144.58,12652.38,0.02243,multiply,BTC,2021-12-31,CKB
1,1609545600,8.642,8.001,8.34,1104810.54,9154866.86,8.197,direct,,2021-01-01,SNX
365,1640995200,5.639,5.483,5.483,46230.51,257868.42,5.631,direct,,2021-12-31,SNX
1,1609545600,0.2969,0.2828,0.2954,139146.73,40511.69,0.2943,direct,,2021-01-01,STORJ
365,1640995200,1.839,1.74,1.74,768433.97,1391311.0,1.83,direct,,2021-12-31,STORJ
1,1609545600,0.08051,0.06537,0.0623,23507711.47,1551919.45,0.06602,multiply,BTC,2021-01-01,SYS
365,1640995200,0.9677,0.9429,0.9489,61252.35,59047.17,0.964,multiply,BTC,2021-12-31,SYS
1,1609545600,0.2802,0.1966,0.2608,3555395.27,873359.03,0.2456,multiply,ETH,2021-01-01,CHSB
365,1640995200,0.6007,0.5899,0.5932,8418.29,5027.27,0.5972,multiply,BTC,2021-12-31,CHSB
1,1609545600,8.489,7.798,7.907,266039.31,2167831.63,8.269,direct,,2021-01-01,UMA
365,1640995200,9.28,9.07,9.11,13618.09,124422.33,9.28,direct,,2021-12-31,UMA
1,1609545600,0.4908,0.4423,0.4489,977140.38,459503.11,0.4651,direct,,2021-01-01,ONT
365,1640995200,0.6675,0.6564,0.6569,111346.64,74142.51,0.6659,multiply,BTC,2021-12-31,ONT
1,1609545600,0.1215,0.11,0.1179,30785.77,3541.31,0.1166,direct,,2021-01-01,HIVE
365,1640995200,1.53,1.483,1.488,83050.34,125581.06,1.512,multiply,BTC,2021-12-31,HIVE
1,1609545600,0.006633,0.0053,0.006353,69634.31,412.78,0.00663,direct,,2021-01-01,IOST
365,1640995200,0.03179,0.03095,0.03095,4574320.45,145341.35,0.03177,multiply,BTC,2021-12-31,IOST
1,1609545600,1.34,1.262,1.308,100685.56,131782.55,1.296,direct,,2021-01-01,KAVA
365,1640995200,4.021,3.938,3.949,32048.21,127660.58,4.005,direct,,2021-12-31,KAVA
1,1609545600,0.3222,0.3003,0.3171,9369538.73,2923947.87,0.3126,direct,,2021-01-01,REN
365,1640995200,0.5386,0.5285,0.5289,515205.02,275761.5,0.5382,direct,,2021-12-31,REN
365,1640995200,8.291,8.097,8.102,47196.29,387662.95,8.284,direct,,2021-12-31,DYDX
365,1640995200,0.2065,0.2022,0.2026,891081.5,182384.58,0.206,direct,,2021-12-31,SKL
1,1609545600,1.017,0.9246,1.0,904953.39,904638.19,0.9997,invert_divide,ETH,2021-01-01,USDN
365,1640995200,0.998,0.9835,0.9863,31.97,31.83,0.9958,multiply,BTC,2021-12-31,USDN
1,1609545600,0.518,0.4977,0.518,66095.0,33787.54,0.5129,direct,,2021-01-01,GT
365,1640995200,6.624,6.509,6.546,457.82,3014.29,6.584,multiply,BTC,2021-12-31,GT
1,1609545600,0.3709,0.3261,0.3497,154950.96,51198.49,0.3304,multiply,ETH,2021-01-01,OCEAN
365,1640995200,0.8801,0.857,0.8571,17146.85,14946.58,0.8801,direct,,2021-12-31,OCEAN
1,1609545600,0.17,0.1585,0.1665,30744320.2,5048474.34,0.1615,direct,,2021-01-01,NU
365,1640995200,0.7537,0.7389,0.7389,263666.54,197268.0,0.7513,direct,,2021-12-31,NU
365,1640995200,6.433,6.345,6.345,62631.29,400682.05,6.433,direct,,2021-12-31,RAY
365,1640995200,185.17,181.85,181.85,17.66,3249.86,184.07,direct,,2021-12-31,MOVR
1,1609545600,0.03071,0.02506,0.0267,26996282.57,743534.86,0.0274,direct,,2021-01-01,DGB
365,1640995200,0.03387,0.03319,0.03322,455508.38,15354.65,0.03385,direct,,2021-12-31,DGB
365,1640995200,2.55,2.22,2.22,412.01,1050.33,2.549,multiply,BTC,2021-12-31,FLUX
1,1609545600,0.005448,0.004704,0.004785,3213082.34,15312.38,0.004766,multiply,ETH,2021-01-01,CELR
365,1640995200,0.07573,0.07299,0.07345,1619311.0,122579.97,0.0757,multiply,BTC,2021-12-31,CELR
1,1609545600,3.559,2.962,3.227,387712.37,1205623.98,3.11,multiply,BTC,2021-01-01,ANT
365,1640995200,14.22,13.5,13.5,26943.61,375812.27,13.78,direct,,2021-12-31,ANT
1,1609545600,1.161,1.033,1.13,360956.0,392303.26,1.06,direct,,2021-01-01,SRM
365,1640995200,3.478,3.408,3.408,91260.86,314747.61,3.477,direct,,2021-12-31,SRM
365,1640995200,0.0004675,0.000462,0.000462,10649122.94,4976.56,0.0004673,multiply,BTC,2021-12-31,WIN
1,1609545600,0.02576,0.02158,0.02292,26838905.42,587731.1,0.0219,multiply,BTC,2021-01-01,CHR
365,1640995200,0.8489,0.8094,0.8098,260614.29,221176.0,0.8487,multiply,BTC,2021-12-31,CHR
1,1609545600,0.1728,0.1319,0.1544,521471.23,70877.05,0.1359,multiply,ETH,2021-01-01,TRAC
365,1640995200,1.247,1.21,1.226,13743.4,16878.26,1.228,multiply,ETH,2021-12-31,TRAC
1,1609545600,0.1181,0.1043,0.1097,2361031.89,248820.65,0.1054,multiply,ETH,2021-01-01,GLM
365,1640995200,0.4689,0.4453,0.4536,526887.99,238322.47,0.4523,multiply,BTC,2021-12-31,GLM
1,1609545600,0.1046,0.08834,0.09783,825658.8,74856.95,0.09066,multiply,ETH,2021-01-01,POLY
365,1640995200,0.4838,0.4768,0.4784,192230.0,92327.6,0.4825,direct,,2021-12-31,POLY
1,1609545600,0.00031,0.0002325,0.0002192,9688505.45,3003.05,0.00031,multiply,ETH,2021-01-01,XYO
365,1640995200,0.03421,0.03371,0.03383,5829297.0,197677.37,0.03381,direct,,2021-12-31,XYO
1,1609545600,0.7615,0.689,0.715,160238.1,116767.74,0.7455,direct,,2021-01-01,SXP
365,1640995200,2.089,2.013,2.027,153342.79,313803.35,2.059,direct,,2021-12-31,SXP
1,1609545600,0.02729,0.02286,0.02291,56845075.62,1345264.07,0.02367,multiply,ETH,2021-01-01,JST
365,1640995200,0.05461,0.05355,0.05385,180929.86,9818.44,0.05427,multiply,ETH,2021-12-31,JST
1,1609545600,0.03301,0.02588,0.02542,3613115.42,104712.64,0.02898,multiply,ETH,2021-01-01,RSR
365,1640995200,0.02941,0.02891,0.02891,1148080.0,33553.09,0.02937,direct,,2021-12-31,RSR
1,1609545600,0.06705,0.06422,0.06661,53141.0,3475.26,0.06524,direct,,2021-01-01,WRX
365,1640995200,1.204,1.181,1.185,3909.0,4686.99,1.199,multiply,BTC,2021-12-31,WRX
1,1609545600,0.0002325,0.0002015,0.0001973,438381117.13,91719.41,0.0002092,multiply,ETH,2021-01-01,DENT
365,1640995200,0.003989,0.003859,0.00386,4339541.04,17132.56,0.003948,multiply,ETH,2021-12-31,DENT
365,1640995200,12.99,12.48,12.48,14703.12,190930.24,12.99,multiply,BTC,2021-12-31,ALICE
1,1609545600,0.02926,0.02187,0.02919,291400.15,7426.16,0.02575,direct,,2021-01-01,REQ
365,1640995200,0.379,0.3705,0.3709,1131106.9,423799.53,0.3746,direct,,2021-12-31,REQ
1,1609545600,0.05494,0.05037,0.05322,41912.08,2184.57,0.05081,direct,,2021-01-01,FET
365,1640995200,0.5129,0.502,0.5023,253485.32,128884.45,0.5078,direct,,2021-12-31,FET
1,1609545600,4.649e-05,2.325e-05,2.192e-05,92995.96,4.324,4.649e-05,multiply,ETH,2021-01-01,FX
1,1609545600,4.518,3.542,4.109,546598.0,1976754.6,3.616,multiply,BTC,2021-01-01,INJ
365,1640995200,8.391,8.228,8.232,3919.61,32860.56,8.384,multiply,BTC,2021-12-31,INJ
1,1609545600,0.04831,0.0438,0.04379,5527154.55,250972.24,0.04541,multiply,BTC,2021-01-01,DUSK
365,1640995200,0.944,0.9292,0.93,13503.94,12660.15,0.944,direct,,2021-12-31,DUSK
365,1640995200,0.1169,0.1136,0.1146,51027.1,5889.89,0.1154,multiply,BTC,2021-12-31,CSPR
1,1609545600,0.04605,0.04058,0.04173,5231213.0,220687.97,0.04219,multiply,BTC,2021-01-01,CTSI
365,1640995200,0.6995,0.6864,0.6872,300280.13,208864.14,0.6986,direct,,2021-12-31,CTSI
1,1609545600,2169.88,1917.4,1944.37,548.5,1081018.23,1970.86,multiply,BTC,2021-01-01,PAXG
365,1640995200,1855.85,1815.5,1833.99,12.6,23170.7,1838.35,multiply,BTC,2021-12-31,PAXG
1,1609545600,0.05056,0.04412,0.04555,44470999.91,2019300.58,0.04541,multiply,BTC,2021-01-01,COTI
365,1640995200,0.3609,0.3547,0.3547,811073.4,291110.97,0.3602,direct,,2021-12-31,COTI
1,1609545600,1.235,1.11,1.147,568854.05,646660.94,1.137,multiply,ETH,2021-01-01,LSK
365,1640995200,2.346,2.267,2.269,19985.91,46483.71,2.326,multiply,BTC,2021-12-31,LSK
1,1609545600,0.2608,0.2254,0.2178,9530327.0,2240451.9,0.2351,multiply,BTC,2021-01-01,ALPHA
365,1640995200,0.6788,0.6578,0.6601,31698.39,21433.79,0.6762,multiply,BTC,2021-12-31,ALPHA
365,1640995200,0.0187,0.01802,0.01848,408506.82,7636.05,0.01869,multiply,BTC,2021-12-31,REEF
1,1609545600,0.00768,0.006669,0.007126,2298120.41,16200.72,0.0074,direct,,2021-01-01,XVG
365,1640995200,0.0173,0.01663,0.01663,7375168.0,124075.44,0.01682,multiply,BTC,2021-12-31,XVG
1,1609545600,0.0008,0.0007,0.0007,57235766.0,43261.43,0.0007,direct,,2021-01-01,VTHO
365,1640995200,0.0062,0.006,0.006,22056729.0,133742.67,0.0062,direct,,2021-12-31,VTHO
1,1609545600,7.552,5.816,6.527,33488.27,213316.26,6.37,multiply,BTC,2021-01-01,EWT
365,1640995200,9.606,9.004,9.475,1501.76,14421.53,9.603,multiply,BTC,2021-12-31,EWT
1,1609545600,0.6202,0.4715,0.469,12600930.76,6054473.9,0.4805,multiply,BTC,2021-01-01,BCD
365,1640995200,1.415,1.393,1.396,6859.52,9664.74,1.409,multiply,BTC,2021-12-31,BCD
1,1609545600,0.02036,0.01769,0.01869,864859.47,16204.94,0.01874,multiply,ETH,2021-01-01,NKN
365,1640995200,0.3668,0.3597,0.36,1289330.4,468509.79,0.3636,direct,,2021-12-31,NKN
1,1609545600,0.2486,0.2276,0.2306,23414573.26,5507022.41,0.233,direct,,2021-01-01,OXT
365,1640995200,0.3682,0.3655,0.3655,295987.92,108630.27,0.3681,direct,,2021-12-31,OXT
1,1609545600,0.06841,0.06359,0.06269,286956.66,18273.77,0.06368,multiply,ETH,2021-01-01,SOUL
365,1640995200,2.852,2.613,2.654,11786.32,32943.14,2.795,multiply,ETH,2021-12-31,SOUL
1,1609545600,0.008679,0.007749,0.007598,4048446.69,32626.27,0.008059,multiply,ETH,2021-01-01,DAG
365,1640995200,0.2132,0.2044,0.2069,21681.25,4539.17,0.2094,multiply,ETH,2021-12-31,DAG
1,1609545600,0.1359,0.1163,0.1217,4774961.11,588943.42,0.1233,multiply,BTC,2021-01-01,OGN
365,1640995200,0.6255,0.6126,0.613,58449.55,36466.69,0.6239,multiply,BTC,2021-12-31,OGN
1,1609545600,0.7966,0.7114,0.7511,171241.32,121813.92,0.7114,multiply,ETH,2021-01-01,RLC
365,1640995200,2.99,2.93,2.94,62264.19,184800.83,2.99,direct,,2021-12-31,RLC
365,1640995200,2.801,2.719,2.754,83.61,230.39,2.756,multiply,ETH,2021-12-31,POLS
1,1609545600,0.03075,0.029,0.03023,355800.9,10615.46,0.03,direct,,2021-01-01,SNT
365,1640995200,0.06919,0.06791,0.06837,1022925.46,70752.26,0.06917,multiply,BTC,2021-12-31,SNT
1,1609545600,6.94,6.132,6.133,44108.57,276420.84,6.267,multiply,BTC,2021-01-01,SUN
365,1640995200,0.02244,0.02171,0.02171,1496.13,33.56,0.02243,multiply,BTC,2021-12-31,SUN
1,1609545600,0.09082,0.07517,0.08227,1088220.55,83963.61,0.07716,multiply,ETH,2021-01-01,ARDR
365,1640995200,0.2277,0.2231,0.2245,1031144.13,234691.8,0.2276,multiply,BTC,2021-12-31,ARDR
1,1609545600,0.0933,0.08229,0.08548,1753032.1,148611.65,0.08477,multiply,ETH,2021-01-01,CVC
365,1640995200,0.3492,0.3279,0.3279,1536631.1,526097.8,0.3424,direct,,2021-12-31,CVC
1,1609545600,0.1665,0.1369,0.1458,826965.73,116645.12,0.1411,multiply,BTC,2021-01-01,MX
365,1640995200,2.211,2.179,2.18,27.83,61.51,2.21,multiply,BTC,2021-12-31,MX
1,1609545600,0.03864,0.0322,0.03203,16731.78,587.32,0.0351,multiply,BTC,2021-01-01,DIVI
1,1609545600,0.00272,0.00234,0.002564,43961682.9,106966.95,0.002433,multiply,ETH,2021-01-01,STMX
365,1640995200,0.02147,0.02102,0.0211,1681339.97,35957.0,0.02139,multiply,ETH,2021-12-31,STMX
1,1609545600,0.5162,0.4103,0.467,192419.91,87868.09,0.4566,multiply,BTC,2021-01-01,UBT
365,1640995200,1.35,1.25,1.295,580.35,757.01,1.304,multiply,ETH,2021-12-31,UBT
1,1609545600,0.01674,0.01015,0.01578,40900.0,415.18,0.01015,multiply,ETH,2021-01-01,HEX
365,1640995200,0.2912,0.2726,0.2846,981233.0,275166.5,0.2804,multiply,BTC,2021-12-31,HEX
1,1609545600,0.7008,0.58,0.6225,1121062.02,720601.46,0.6428,multiply,BTC,2021-01-01,CTC
365,1640995200,2.412,2.25,2.271,43103.59,101353.77,2.351,multiply,BTC,2021-12-31,CTC
365,1640995200,1.981,1.94,1.945,61783.43,121713.36,1.97,multiply,USDT,2021-12-31,BIT
1,1609545600,4.318e-05,3.014e-05,3.828e-05,704501118.72,26256.76,3.727e-05,multiply,USDT,2021-01-01,OMI
365,1640995200,0.006338,0.006175,0.006249,80235.99,502.19,0.006259,multiply,ETH,2021-12-31,OMI
365,1640995200,0.2044,0.191,0.1914,422.81,86.38,0.2043,multiply,ETH,2021-12-31,XYM
1,1609545600,1.739,1.625,1.561,269147.1,444730.26,1.652,multiply,BTC,2021-01-01,DFI
365,1640995200,3.304,3.234,3.263,9010.86,29531.15,3.277,multiply,BTC,2021-12-31,DFI
365,1640995200,40.36,38.92,38.97,8605.77,341184.1,39.89,direct,,2021-12-31,ENS
365,1640995200,0.3419,0.3305,0.3376,695204.0,234362.7,0.3369,direct,,2021-12-31,RLY
365,1640995200,9.958,9.809,9.809,79.24,781.11,9.922,direct,,2021-12-31,MOB
365,1640995200,3.448,3.437,3.439,2229.74,7672.99,3.444,direct,,2021-12-31,ANC
365,1640995200,1029.36,1009.38,1016.78,21.94,22412.56,1021.68,multiply,BTC,2021-12-31,ILV
1,1609545600,0.294,0.1427,0.2683,498.49,112.21,0.2251,multiply,BTC,2021-01-01,XWC
365,1640995200,0.848,0.8228,0.8274,1231.39,1037.12,0.8422,multiply,BTC,2021-12-31,XWC
1,1609545600,0.2534,0.2499,0.2504,12797394.19,3213425.68,0.2511,multiply,USDT,2021-01-01,KOK
365,1640995200,5.645,5.626,5.645,357.45,2017.81,5.645,multiply,USDT,2021-12-31,KOK
365,1640995200,1.017,1.002,1.003,17300.4,17436.47,1.015,direct,,2021-12-31,TRIBE
365,1640995200,0.0557,0.05488,0.05488,250.5,13.93,0.05562,multiply,ETH,2021-12-31,BLOK
365,1640995200,1.158,1.126,1.136,15036.0,17359.03,1.154,multiply,BTC,2021-12-31,SUPER
365,1640995200,2.442,2.378,2.378,7131.6,17346.85,2.432,multiply,BTC,2021-12-31,C98
365,1640995200,5.278,5.179,5.183,4157.4,21820.55,5.249,multiply,BTC,2021-12-31,MBOX
365,1640995200,42.05,41.44,41.45,361.41,15114.17,41.82,multiply,USDT,2021-12-31,RPL
1,1609545600,1.031,0.9002,1.001,119214.75,119028.13,0.9984,invert_divide,BTC,2021-01-01,HUSD
365,1640995200,0.9998,0.9998,0.9998,15610.58,15610.72,1.0,invert_divide,BTC,2021-12-31,HUSD
1,1609545600,0.234,0.1858,0.2,536298.46,113382.65,0.2146,direct,,2021-01-01,KEEP
365,1640995200,0.7558,0.7329,0.734,708743.84,530160.1,0.7502,direct,,2021-12-31,KEEP
365,1640995200,1.53e-06,1.41e-06,1.52e-06,10690682609.0,16249.84,1.52e-06,multiply,USDT,2021-12-31,SAFEMOON
1,1609545600,0.2647,0.1997,0.2225,58359.35,14414.87,0.247,multiply,BTC,2021-01-01,BEST
365,1640995200,0.08815,0.08501,0.08551,21990444.18,2047381.85,0.08803,direct,,2021-12-31,JASMY
365,1640995200,4.207e-05,3.696e-05,3.696e-05,1454000.0,54.37,3.739e-05,multiply,BTC,2021-12-31,STARL
365,1640995200,5.418,5.289,5.29,2928.34,15849.69,5.413,multiply,BTC,2021-12-31,YGG
365,1640995200,12.74,12.22,12.22,3697.67,46516.81,12.73,direct,,2021-12-31,MASK
365,1640995200,1.441,1.414,1.414,223.66,322.28,1.441,multiply,BTC,2021-12-31,PLA
365,1640995200,27.18,26.89,26.89,569.61,15414.65,27.18,direct,,2021-12-31,RGT
1,1609545600,5.459,3.002,2.74,6.689,36.51,5.459,multiply,BTC,2021-01-01,VERI
365,1640995200,3.46,3.41,3.41,7343.33,25297.36,3.43,direct,,2021-12-31,BTRST
365,1640995200,15.15,14.75,14.97,677.02,10176.68,15.03,multiply,BTC,2021-12-31,PYR
1,1609545600,0.007407,0.007085,0.006759,300.0,2.125,0.007085,multiply,BTC,2021-01-01,HDAO
365,1640995200,0.08508,0.079,0.08408,1046.0,83.6,0.07992,multiply,BTC,2021-12-31,HDAO
1,1609545600,1.373,1.238,1.24,95413.74,122142.45,1.28,multiply,ETH,2021-01-01,LYXe
365,1640995200,18.29,17.73,17.97,108.67,1957.15,18.01,multiply,ETH,2021-12-31,LYXe
365,1640995200,4.291,4.216,4.231,113.17,483.71,4.274,multiply,ETH,2021-12-31,DAO
365,1640995200,99.52,97.66,98.35,25.89,2563.07,98.99,multiply,BTC,2021-12-31,XCH
1,1609545600,0.5059,0.4364,0.4617,501842.89,230458.25,0.4592,multiply,BTC,2021-01-01,HEDG
365,1640995200,1.029,1.016,1.018,140.0,143.46,1.028,direct,,2021-12-31,PUNDIX
1,1609545600,0.02574,0.01972,0.02194,1428788.04,29915.68,0.02094,multiply,ETH,2021-01-01,KAI
365,1640995200,0.07814,0.0762,0.0769,6615.38,511.01,0.07725,multiply,ETH,2021-12-31,KAI
365,1640995200,0.7213,0.7091,0.7091,5330.0,3829.55,0.7185,multiply,BTC,2021-12-31,TWT
365,1640995200,10.94,10.85,10.85,1314.83,14335.52,10.93,direct,,2021-12-31,RAD
1,1609545600,0.8147,0.7817,0.8021,2335049.56,1865199.98,0.7828,direct,,2021-01-01,KNC
365,1640995200,1.311,1.281,1.282,44159.24,57388.9,1.309,direct,,2021-12-31,KNC
1,1609545600,0.003634,0.0032,0.003368,28881429.52,98249.16,0.003402,multiply,ETH,2021-01-01,ACH
365,1640995200,0.06425,0.06293,0.06351,7605347.6,481939.11,0.06304,direct,,2021-12-31,ACH
1,1609545600,0.747,0.7278,0.7316,233305.42,172142.1,0.7439,direct,,2021-01-01,SOLO
365,1640995200,1.275,1.275,1.275,608.28,775.68,1.275,direct,,2021-12-31,SOLO
1,1609545600,0.1791,0.1791,0.1634,2058.41,368.56,0.1791,multiply,BTC,2021-01-01,ARRR
365,1640995200,1.063,1.02,1.051,9731.53,10044.27,1.032,multiply,BTC,2021-12-31,ARRR
365,1640995200,1.891,1.712,1.891,652.07,1231.76,1.889,multiply,USDT,2021-12-31,AKT
1,1609545600,2.396,2.084,2.125,81054.33,174103.31,2.148,multiply,BTC,2021-01-01,ORN
365,1640995200,6.53,6.38,6.42,13216.18,85280.29,6.53,direct,,2021-12-31,ORN
1,1609545600,0.1201,0.1045,0.1066,1600982.37,172071.39,0.1075,multiply,ETH,2021-01-01,ELF
365,1640995200,0.3777,0.3696,0.3714,323105.96,121584.77,0.3763,multiply,BTC,2021-12-31,ELF
1,1609545600,2.583,1.88,2.176,28.66,53.88,1.88,multiply,BTC,2021-01-01,PROM
365,1640995200,12.04,11.85,11.89,58.75,707.14,12.04,multiply,BTC,2021-12-31,PROM
1,1609545600,17.49,16.41,16.94,51361.61,869708.01,16.75,direct,,2021-01-01,REP
365,1640995200,19.1,18.13,18.13,10719.92,200421.5,18.77,direct,,2021-12-31,REP
365,1640995200,0.2192,0.213,0.213,575642.0,125660.3,0.2183,multiply,BTC,2021-12-31,TLM
1,1609545600,0.1083,0.09307,0.09863,1877049.74,178906.68,0.09531,multiply,ETH,2021-01-01,POWR
365,1640995200,0.4217,0.4144,0.4144,73978.54,31122.69,0.4207,multiply,BTC,2021-12-31,POWR
365,1640995200,2.467,2.442,2.443,38305.36,94091.77,2.462,direct,,2021-12-31,MIR
1,1609545600,1942.69,1904.38,1912.6,361.44,696909.15,1910.12,direct,,2021-01-01,XAUT
365,1640995200,1824.21,1824.21,1824.21,1.273,2328.02,1828.16,invert_divide,ETH,2021-12-31,XAUT
365,1640995200,0.2492,0.245,0.245,5366.51,1334.37,0.2486,multiply,ETH,2021-12-31,EXRD
1,1609545600,23.2,22.26,22.92,49865.42,1134334.81,22.7,direct,,2021-01-01,NMR
365,1640995200,31.85,31.4,31.4,938.13,29680.9,31.75,direct,,2021-12-31,NMR
1,1609545600,0.3539,0.2931,0.3235,338079.4,103350.21,0.3057,multiply,ETH,2021-01-01,MAID
365,1640995200,0.4086,0.3991,0.4038,19115.2,7746.88,0.4053,multiply,BTC,2021-12-31,MAID
1,1609545600,0.51,0.4232,0.4772,117369.01,52032.06,0.4433,multiply,ETH,2021-01-01,STRAX
365,1640995200,1.423,1.393,1.395,1322.61,1869.1,1.413,multiply,ETH,2021-12-31,STRAX
1,1609545600,0.01481,0.01192,0.01264,735654.39,9476.3,0.01288,multiply,BTC,2021-01-01,ORBS
365,1640995200,0.08322,0.08038,0.08131,5441.37,445.18,0.08181,multiply,BTC,2021-12-31,ORBS
365,1640995200,13.56,12.66,12.66,14249.42,188166.53,13.54,direct,,2021-12-31,GTC
365,1640995200,14.76,14.45,14.45,4073.41,59374.44,14.75,direct,,2021-12-31,BADGER
1,1609545600,1.098,0.9339,1.002,7988.7,8410.0,1.053,multiply,BTC,2021-01-01,C20
365,1640995200,4.347,4.286,4.286,0.6,2.607,4.345,multiply,ETH,2021-12-31,C20
1,1609545600,4.0,3.526,3.641,92621.6,342718.28,3.7,multiply,BTC,2021-01-01,XVS
365,1640995200,15.37,15.09,15.13,374.56,5739.53,15.32,multiply,BTC,2021-12-31,XVS
1,1609545600,6.084,5.381,5.519,808799.36,4634519.79,6.072,direct,,2021-01-01,BAND
365,1640995200,5.093,5.012,5.013,54176.21,274339.71,5.09,direct,,2021-12-31,BAND
1,1609545600,0.1923,0.1694,0.1755,4377.85,741.57,0.1694,multiply,BTC,2021-01-01,HXRO
365,1640995200,0.4784,0.4684,0.4726,476.28,225.82,0.4741,multiply,BTC,2021-12-31,HXRO
1,1609545600,1.052,0.9183,1.001,119214.75,121421.35,1.019,invert_divide,BTC,2021-01-01,GUSD
365,1640995200,0.9959,0.9959,0.9959,37.2,37.4,1.005,invert_divide,BTC,2021-12-31,GUSD
1,1609545600,0.01063,0.007407,0.009111,583520.94,4697.87,0.008051,multiply,BTC,2021-01-01,META
365,1640995200,0.101,0.09932,0.1007,3206.75,323.85,0.101,multiply,BTC,2021-12-31,META
365,1640995200,0.3216,0.3146,0.3153,341488.8,108247.44,0.3203,direct,,2021-12-31,TRU
365,1640995200,1.54,1.512,1.515,4168.0,6386.65,1.532,multiply,BTC,2021-12-31,SFP
365,1640995200,1.002,0.9689,0.9877,427.53,423.31,0.9901,multiply,ETH,2021-12-31,EFI
1,1609545600,0.1752,0.1002,0.1599,5252.97,844.13,0.1607,multiply,BTC,2021-01-01,DAWN
365,1640995200,2.291,2.257,2.257,48.0,109.97,2.291,multiply,BTC,2021-12-31,DAWN
1,1609545600,0.184,0.162,0.1616,1332835.42,217613.94,0.1633,multiply,ETH,2021-01-01,STEEM
365,1640995200,0.3947,0.3617,0.3663,91092.17,34629.51,0.3802,multiply,BTC,2021-12-31,STEEM
1,1609545600,1.044,0.9495,0.9653,136753.49,137180.85,1.017,direct,,2021-01-01,AMPL
365,1640995200,0.9159,0.9035,0.9039,2266.33,2065.37,0.9124,direct,,2021-12-31,AMPL
1,1609545600,0.74,0.6383,0.671,683536.1,461051.1,0.6908,direct,,2021-01-01,TOMO
365,1640995200,1.913,1.871,1.871,11037.7,20878.11,1.91,direct,,2021-12-31,TOMO
1,1609545600,0.1656,0.1546,0.1609,292942.76,46849.41,0.1546,direct,,2021-01-01,RIF
365,1640995200,0.2015,0.1982,0.1982,12829.18,2579.39,0.2011,multiply,BTC,2021-12-31,RIF
1,1609545600,0.04139,0.03816,0.03865,44367.0,1711.78,0.03858,multiply,ETH,2021-01-01,CENNZ
1,1609545600,26.61,24.9,26.2,7358.54,188807.74,25.32,direct,,2021-01-01,MLN
365,1640995200,90.64,88.41,88.41,2473.84,221622.59,89.96,direct,,2021-12-31,MLN
1,1609545600,0.03575,0.02512,0.03262,12406711.0,359587.13,0.02898,multiply,BTC,2021-01-01,IDEX
365,1640995200,0.2642,0.2582,0.2596,57051.0,15016.51,0.2632,multiply,BTC,2021-12-31,IDEX
365,1640995200,4.31,4.19,4.205,1627.8,7012.36,4.308,multiply,ETH,2021-12-31,API3
365,1640995200,0.6285,0.6084,0.6093,215534.0,134925.39,0.626,multiply,BTC,2021-12-31,BETA
365,1640995200,285.38,280.05,280.06,2.128,606.97,285.23,multiply,ETH,2021-12-31,DPI
1,1609545600,0.00506,0.004355,0.004669,16234106.88,72962.89,0.004494,multiply,ETH,2021-01-01,ETN
365,1640995200,0.009208,0.00838,0.008528,890494.73,8130.54,0.00913,multiply,ETH,2021-12-31,ETN
365,1640995200,0.5855,0.5751,0.5752,35.2,20.61,0.5854,multiply,BTC,2021-12-31,TLOS
1,1609545600,0.002254,0.002254,0.002057,184456.86,415.81,0.002254,multiply,BTC,2021-01-01,MVL
1,1609545600,0.4351,0.4125,0.397,30.27,12.75,0.4212,multiply,BTC,2021-01-01,ERG
365,1640995200,4.943,4.837,4.883,1134.51,5575.18,4.914,multiply,BTC,2021-12-31,ERG
1,1609545600,0.0477,0.0416,0.04669,54533.03,2601.23,0.0477,multiply,USDT,2021-01-01,HYN
1,1609545600,0.6509,0.5866,0.5728,3502345.74,2081613.24,0.5943,multiply,ETH,2021-01-01,GHST
365,1640995200,2.312,2.261,2.28,27217.5,62501.06,2.296,multiply,ETH,2021-12-31,GHST
1,1609545600,0.0005657,0.0005114,0.0005333,1456665.0,744.99,0.0005114,multiply,ETH,2021-01-01,VRA
365,1640995200,0.0346,0.03372,0.03372,1640989.33,56778.04,0.0346,multiply,BTC,2021-12-31,VRA
1,1609545600,0.4322,0.3262,0.3879,1177273.69,447746.6,0.3803,multiply,BTC,2021-01-01,ARK
365,1640995200,1.171,1.138,1.156,18213.53,21273.21,1.168,multiply,BTC,2021-12-31,ARK
1,1609545600,0.8842,0.6457,0.7321,119624.84,79849.44,0.6675,multiply,ETH,2021-01-01,TITAN
365,1640995200,2.786,2.726,2.726,10.77,29.99,2.785,multiply,ETH,2021-12-31,TITAN
365,1640995200,0.72,0.7,0.7,62630.46,44553.2,0.71,direct,,2021-12-31,CLV
1,1609545600,0.04262,0.04262,0.04018,72727.0,3099.59,0.04262,multiply,ETH,2021-01-01,SNL
1,1609545600,0.1472,0.1387,0.1352,12719578.86,1793865.1,0.141,multiply,ETH,2021-01-01,RKN
1,1609545600,0.131,0.1155,0.1224,506743.24,61021.75,0.1204,multiply,ETH,2021-01-01,UTK
365,1640995200,0.3217,0.3169,0.3169,39481.28,12682.22,0.3212,multiply,BTC,2021-12-31,UTK
1,1609545600,0.3282,0.2795,0.2951,365959.58,105006.4,0.2869,multiply,BTC,2021-01-01,GXC
365,1640995200,1.979,1.933,1.949,53700.79,105281.68,1.961,multiply,BTC,2021-12-31,GXC
365,1640995200,17.49,17.02,17.06,2.01,35.01,17.41,multiply,ETH,2021-12-31,STAKE
1,1609545600,0.004509,0.003864,0.003821,87231493.9,365192.31,0.004186,multiply,BTC,2021-01-01,XPR
365,1640995200,0.01637,0.01571,0.01571,1612710.94,25638.0,0.0159,multiply,BTC,2021-12-31,XPR
1,1609545600,6.115,3.913,4.555,168011.74,884631.4,5.265,multiply,BTC,2021-01-01,UQC
365,1640995200,13.17,12.91,12.94,1109.16,14586.79,13.15,multiply,ETH,2021-12-31,UQC
1,1609545600,0.04447,0.01933,0.01823,3662326.83,128984.24,0.03522,multiply,ETH,2021-01-01,LCX
365,1640995200,0.179,0.175,0.1752,725198.1,128640.57,0.1783,direct,,2021-12-31,LCX
1,1609545600,0.005475,0.005153,0.004996,4021601.73,20721.63,0.005153,multiply,BTC,2021-01-01,DEP
365,1640995200,0.04021,0.03696,0.03742,3332.67,134.02,0.04021,multiply,BTC,2021-12-31,DEP
1,1609545600,0.3357,0.2961,0.3156,544065.24,164801.94,0.3029,multiply,ETH,2021-01-01,WAN
365,1640995200,0.707,0.6939,0.6971,26440.79,18581.13,0.7027,multiply,BTC,2021-12-31,WAN
1,1609545600,0.4262,0.3782,0.4011,48753.16,19116.08,0.3921,multiply,ETH,2021-01-01,MTL
365,1640995200,2.084,2.049,2.058,44078.83,91604.01,2.078,multiply,BTC,2021-12-31,MTL
365,1640995200,1.29,1.257,1.258,5464.7,7047.08,1.29,multiply,BTC,2021-12-31,TKO
1,1609545600,0.2518,0.217,0.2373,12646200.41,2762490.52,0.2184,multiply,ETH,2021-01-01,ABBC
365,1640995200,0.1487,0.1478,0.1481,973882.0,144382.39,0.1481,direct,,2021-12-31,ABBC
1,1609545600,0.02125,0.01675,0.01705,15293041.33,270870.38,0.01771,multiply,BTC,2021-01-01,STPT
365,1640995200,0.1047,0.1016,0.1016,153593.28,15871.32,0.1033,multiply,BTC,2021-12-31,STPT
365,1640995200,0.2057,0.2005,0.2005,27700.24,5685.87,0.2053,multiply,BTC,2021-12-31,TVK
1,1609545600,0.02604,0.01945,0.02372,855216.06,19152.23,0.02239,multiply,ETH,2021-01-01,RFOX
365,1640995200,0.1011,0.09733,0.09969,3524.69,347.81,0.09868,multiply,ETH,2021-12-31,RFOX
1,1609545600,0.7075,0.5668,0.6424,52244.43,29930.98,0.5729,multiply,BTC,2021-01-01,DERO
365,1640995200,12.32,11.79,12.14,348.66,4185.66,12.01,multiply,BTC,2021-12-31,DERO
1,1609545600,0.012,0.01027,0.01056,1548343.64,16053.48,0.01037,multiply,ETH,2021-01-01,MXC
365,1640995200,0.05191,0.05035,0.05128,80298.55,4129.95,0.05143,multiply,BTC,2021-12-31,MXC
1,1609545600,0.2232,0.1829,0.1863,1031639.67,198670.86,0.1926,multiply,BTC,2021-01-01,NOIA
365,1640995200,0.2474,0.2407,0.2416,21512.42,5270.98,0.245,multiply,BTC,2021-12-31,NOIA
1,1609545600,0.008786,0.005143,0.007107,5601480.78,33341.91,0.005408,direct,,2021-01-01,FUN
365,1640995200,0.01547,0.01415,0.01463,11801077.55,169766.98,0.01439,multiply,ETH,2021-12-31,FUN
1,1609545600,6.199e-05,5.424e-05,5.845e-05,92624000.0,5024.2,5.424e-05,multiply,ETH,2021-01-01,KIN
1,1609545600,0.006153,0.00475,0.005523,12351309.0,63838.77,0.005169,multiply,ETH,2021-01-01,QKC
365,1640995200,0.02039,0.02011,0.02011,18308.0,373.23,0.02039,multiply,ETH,2021-12-31,QKC
365,1640995200,0.5889,0.585,0.585,1345.21,789.51,0.5889,direct,,2021-12-31,ALBT
1,1609545600,1.257,0.9967,1.029,7538.53,8290.53,1.1,multiply,BTC,2021-01-01,SUSD
365,1640995200,1.002,0.9755,0.9844,5.311,5.253,0.9891,multiply,ETH,2021-12-31,SUSD
365,1640995200,0.9167,0.874,0.8741,12114.48,11102.05,0.9164,multiply,BTC,2021-12-31,CFG
1,1609545600,0.3642,0.2641,0.2616,18251.44,4896.06,0.2683,multiply,BTC,2021-01-01,ZB
1,1609545600,0.1182,0.1027,0.1046,245983.33,26299.57,0.1069,multiply,BTC,2021-01-01,HNS
365,1640995200,0.289,0.2786,0.2855,4187.72,1180.76,0.282,multiply,BTC,2021-12-31,HNS
1,1609545600,0.0075,0.0045,0.0065,520971.82,2925.63,0.00456,direct,,2021-01-01,IQ
365,1640995200,0.01226,0.01196,0.01202,2396.46,28.91,0.01201,direct,,2021-12-31,IQ
1,1609545600,0.03027,0.01182,0.02854,6603.0,137.54,0.02083,multiply,ETH,2021-01-01,PRE
365,1640995200,0.3461,0.3271,0.3377,58546.63,19604.56,0.3349,multiply,BTC,2021-12-31,PRE
365,1640995200,1.66,1.622,1.622,31683.27,52019.74,1.651,direct,,2021-12-31,AGLD
1,1609545600,31730.25,31237.53,28557.23,2.156,67577.24,31343.8,multiply,BTC,2021-01-01,RBTC
365,1640995200,46862.44,45923.47,45994.04,1.533,71415.9,46572.25,multiply,BTC,2021-12-31,RBTC
365,1640995200,2.579,2.43,2.43,85.6,220.73,2.579,multiply,ETH,2021-12-31,RBN
1,1609545600,0.004831,0.004186,0.004114,656390.53,2959.34,0.004509,multiply,BTC,2021-01-01,KLV
365,1640995200,0.03554,0.03419,0.03419,27583.2,954.58,0.03461,multiply,BTC,2021-12-31,KLV
365,1640995200,9.075,8.851,8.851,26.95,244.53,9.074,multiply,ETH,2021-12-31,ERN
1,1609545600,15.09,13.58,14.0,73494.11,1060442.71,14.68,direct,,2021-01-01,BAL
365,1640995200,17.76,17.52,17.52,11143.82,197006.1,17.74,direct,,2021-12-31,BAL
365,1640995200,4.46,4.29,4.33,11675.83,50928.66,4.46,direct,,2021-12-31,DDX
1,1609545600,0.1313,0.1116,0.1238,1688957.06,193436.62,0.1145,multiply,ETH,2021-01-01,PHA
365,1640995200,0.4378,0.4222,0.4241,217611.87,94138.48,0.4326,multiply,BTC,2021-12-31,PHA
1,1609545600,0.02618,0.02315,0.02392,2037972.03,51040.54,0.02504,multiply,ETH,2021-01-01,DKA
365,1640995200,0.1151,0.1109,0.1136,628.5,71.13,0.1132,multiply,BTC,2021-12-31,DKA
1,1609545600,0.1919,0.161,0.149,4810.95,923.38,0.1919,multiply,BTC,2021-01-01,DAD
365,1640995200,0.2259,0.2134,0.2227,1657182.45,361220.71,0.218,multiply,BTC,2021-12-31,DAD
1,1609545600,0.143,0.1079,0.1302,11938775.0,1491751.41,0.125,multiply,BTC,2021-01-01,LTO
365,1640995200,0.3756,0.3677,0.3682,365288.0,136319.4,0.3732,multiply,BTC,2021-12-31,LTO
1,1609545600,1.289,1.126,1.22,119214.75,148852.51,1.249,invert_divide,BTC,2021-01-01,EURS
1,1609545600,0.1797,0.1526,0.1619,9149152.0,1470233.63,0.1607,multiply,BTC,2021-01-01,BZRX
1,1609545600,0.02494,0.02095,0.02346,1074693.57,23068.01,0.02146,multiply,ETH,2021-01-01,ARPA
365,1640995200,0.09915,0.09701,0.09701,710814.07,70138.72,0.09867,multiply,BTC,2021-12-31,ARPA
1,1609545600,0.1005,0.08601,0.0857,1108264.27,105288.14,0.095,multiply,ETH,2021-01-01,PRO
365,1640995200,1.492,1.434,1.471,4295.42,6352.72,1.479,multiply,ETH,2021-12-31,PRO
1,1609545600,0.6396,0.5668,0.5172,11972.67,7194.62,0.6009,multiply,BTC,2021-01-01,SWAP
1,1609545600,1735.13,1453.35,1583.48,1112.56,1640944.46,1474.93,multiply,BTC,2021-01-01,YFII
365,1640995200,2866.92,2791.16,2809.65,11.69,33030.5,2826.22,multiply,BTC,2021-12-31,YFII
365,1640995200,1.319,1.262,1.262,21.52,28.39,1.319,multiply,ETH,2021-12-31,BSCPAD
365,1640995200,653.26,644.69,644.37,176.36,113696.86,644.69,multiply,WETH,2021-12-31,FLX
365,1640995200,329.0,317.44,321.12,1273.12,412657.17,319.6,direct,,2021-12-31,QUICK
365,1640995200,1.691,1.634,1.634,15229.5,25617.3,1.682,multiply,BTC,2021-12-31,CTK
1,1609545600,25.37,21.84,23.9,51492.31,1186667.37,23.05,multiply,ETH,2021-01-01,WNXM
365,1640995200,60.39,58.95,58.95,61.66,3712.24,60.21,multiply,BTC,2021-12-31,WNXM
1,1609545600,0.02429,0.02191,0.02152,2753615.28,62882.39,0.02284,multiply,ETH,2021-01-01,BTS
365,1640995200,0.03462,0.03372,0.03372,324588.19,11083.42,0.03415,multiply,BTC,2021-12-31,BTS
365,1640995200,1.599,1.549,1.599,369.53,576.85,1.554,direct,,2021-12-31,BOSON
1,1609545600,0.04184,0.03593,0.03904,2434168.63,88653.15,0.03642,multiply,ETH,2021-01-01,IRIS
365,1640995200,0.08856,0.08347,0.08498,3937.59,343.29,0.08718,multiply,ETH,2021-12-31,IRIS
365,1640995200,0.03658,0.03547,0.03606,2378.12,85.58,0.03599,multiply,ETH,2021-12-31,SAMO
1,1609545600,0.09524,0.08121,0.08219,12031792.07,1037698.39,0.08625,multiply,ETH,2021-01-01,CTXC
365,1640995200,0.508,0.4804,0.5017,185320.49,90595.56,0.4889,multiply,BTC,2021-12-31,CTXC
365,1640995200,170.77,133.67,137.25,68770.93,10546844.81,162.17,direct,,2021-12-31,FARM
1,1609545600,0.5327,0.4718,0.4996,270069.87,127868.33,0.4735,multiply,ETH,2021-01-01,KMD
365,1640995200,0.7466,0.7276,0.7281,29971.04,22320.75,0.7447,multiply,BTC,2021-12-31,KMD
1,1609545600,0.1591,0.143,0.1452,18766.19,2737.66,0.1459,multiply,BTC,2021-01-01,MLK
365,1640995200,1.223,1.202,1.203,16910.09,20673.61,1.223,multiply,BTC,2021-12-31,MLK
365,1640995200,1.965,1.894,1.93,12154.3,23321.19,1.919,multiply,BTC,2021-12-31,CHESS
365,1640995200,0.9623,0.9364,0.9498,6388.5,6129.93,0.9595,multiply,BTC,2021-12-31,RARE
1,1609545600,0.00322,0.002254,0.002645,170868412.0,440206.79,0.002576,multiply,BTC,2021-01-01,TROY
365,1640995200,0.861,0.844,0.844,4484.4,3835.88,0.861,direct,,2021-12-31,DODO
1,1609545600,0.8872,0.7491,0.8091,433720.0,332423.23,0.7664,multiply,BTC,2021-01-01,AVA
365,1640995200,1.877,1.839,1.852,2517.21,4687.3,1.862,multiply,BTC,2021-12-31,AVA
365,1640995200,9.22,9.05,9.06,6747.62,61687.26,9.21,direct,,2021-12-31,FORTH
1,1609545600,0.042,0.0363,0.03901,361856.39,13801.54,0.0376,direct,,2021-01-01,DATA
365,1640995200,0.1184,0.116,0.116,210392.0,24806.23,0.1179,multiply,BTC,2021-12-31,DATA
1,1609545600,0.007486,0.006718,0.006809,2217142.06,15290.76,0.006897,multiply,ETH,2021-01-01,MOBI
365,1640995200,148.7,144.25,145.1,32.69,4786.98,147.9,direct,,2021-12-31,ROOK
365,1640995200,0.02745,0.02669,0.02694,4704182.11,128206.25,0.02725,multiply,ETH,2021-12-31,SLP
1,1609545600,0.0002898,0.0002898,0.0002645,2000.0,0.5797,0.0002898,multiply,BTC,2021-01-01,COCOS
1,1609545600,0.02544,0.019,0.02145,129040.32,2451.79,0.019,multiply,BTC,2021-01-01,MOC
365,1640995200,0.2345,0.2291,0.231,520.28,122.0,0.2345,multiply,BTC,2021-12-31,MOC
1,1609545600,0.08741,0.0437,0.04121,1906413.39,117000.56,0.06137,multiply,ETH,2021-01-01,AERGO
365,1640995200,0.2414,0.2365,0.237,12728.22,3073.01,0.2414,multiply,BTC,2021-12-31,AERGO
1,1609545600,0.03342,0.03074,0.03044,7924381.31,250905.04,0.03166,multiply,ETH,2021-01-01,LOOM
365,1640995200,0.08661,0.08454,0.085,682618.23,58786.34,0.08612,multiply,BTC,2021-12-31,LOOM
365,1640995200,0.6057,0.5896,0.5962,2079.69,1251.6,0.6018,multiply,ETH,2021-12-31,ALPACA
365,1640995200,16.69,16.44,16.44,4108.7,68147.02,16.65,direct,,2021-12-31,BOND
1,1609545600,0.002937,0.002534,0.002769,38647040.0,101222.86,0.002619,multiply,ETH,2021-01-01,MFT
365,1640995200,0.009038,0.00816,0.008418,255856.0,2149.21,0.0084,multiply,ETH,2021-12-31,MFT
365,1640995200,3.679,3.643,3.657,108.37,397.73,3.669,direct,,2021-12-31,KAR
1,1609545600,3.613,2.86,2.77,102871.26,319721.13,3.108,multiply,BTC,2021-01-01,XHV
365,1640995200,4.28,4.172,4.172,46.0,196.78,4.278,multiply,BTC,2021-12-31,XHV
1,1609545600,1.34,1.113,1.217,948875.72,1110450.54,1.17,multiply,BTC,2021-01-01,DIA
365,1640995200,1.346,1.307,1.309,11462.36,15362.51,1.34,multiply,BTC,2021-12-31,DIA
1,1609545600,0.005797,0.004831,0.00529,12632674.34,65090.9,0.005153,multiply,BTC,2021-01-01,TT
365,1640995200,0.0103,0.01016,0.01016,45649.98,470.08,0.0103,multiply,BTC,2021-12-31,TT
1,1609545600,3.816,3.675,3.509,3819.1,14569.23,3.815,multiply,ETH,2021-01-01,EUM
365,1640995200,2.994,2.944,2.944,38523.1,115243.81,2.992,multiply,ETH,2021-12-31,EUM
1,1609545600,0.2307,0.2031,0.2147,6435257.34,1321470.44,0.2053,multiply,ETH,2021-01-01,NULS
365,1640995200,0.8286,0.8061,0.8167,141425.53,115594.59,0.8174,multiply,BTC,2021-12-31,NULS
1,1609545600,0.08341,0.0789,0.07582,11772.7,928.85,0.0789,multiply,BTC,2021-01-01,HUNT
365,1640995200,0.7509,0.7267,0.741,2043.87,1512.7,0.7401,multiply,BTC,2021-12-31,HUNT
1,1609545600,0.02301,0.02013,0.02043,325904.2,7116.67,0.02184,multiply,ETH,2021-01-01,MARO
365,1640995200,0.1128,0.1081,0.1109,539117.22,59562.57,0.1105,multiply,BTC,2021-12-31,MARO
1,1609545600,0.05463,0.04042,0.04573,158973.83,7143.72,0.04494,multiply,ETH,2021-01-01,DNT
365,1640995200,0.1306,0.1275,0.1289,520732.93,67770.67,0.1301,multiply,BTC,2021-12-31,DNT
1,1609545600,0.382,0.3375,0.3601,475932.46,165296.19,0.3473,multiply,ETH,2021-01-01,ADX
365,1640995200,0.5639,0.5532,0.5543,212303.0,119371.53,0.5623,multiply,ETH,2021-12-31,ADX
365,1640995200,0.1943,0.1908,0.1913,20062.0,3878.85,0.1933,multiply,BTC,2021-12-31,RAMP
365,1640995200,1.577,1.552,1.554,169.68,265.17,1.577,direct,,2021-12-31,SDN
1,1609545600,0.009735,0.00873,0.009565,681546.0,6242.73,0.009025,direct,,2021-01-01,AKRO
365,1640995200,0.02263,0.02223,0.02223,17293.0,388.69,0.02254,direct,,2021-12-31,AKRO
1,1609545600,16.3,9.322,11.46,2886.2,46251.16,16.02,multiply,ETH,2021-01-01,MWC
365,1640995200,6.548,4.231,4.231,77.47,332.97,4.298,multiply,ETH,2021-12-31,MWC
1,1609545600,0.002077,0.001837,0.001936,7218628.84,13648.67,0.001891,multiply,ETH,2021-01-01,MIX
365,1640995200,0.01697,0.01661,0.01669,474.67,8.012,0.01688,multiply,ETH,2021-12-31,MIX
1,1609545600,19.48,16.99,17.72,98288.22,1759872.58,17.91,multiply,BTC,2021-01-01,TRB
365,1640995200,33.82,33.06,33.06,901.7,30201.87,33.75,direct,,2021-12-31,TRB
1,1609545600,0.314,0.2715,0.2836,1673284.34,468806.86,0.2802,multiply,BTC,2021-01-01,WTC
365,1640995200,0.978,0.9567,0.9623,77457.12,75496.42,0.9747,multiply,BTC,2021-12-31,WTC
365,1640995200,0.8061,0.783,0.7867,31469.0,25324.52,0.8047,multiply,BTC,2021-12-31,HARD
365,1640995200,0.005793,0.005587,0.005587,529242.0,3063.78,0.005789,multiply,ETH,2021-12-31,LGCY
1,1609545600,1.501,1.264,1.345,39804.86,54350.92,1.365,multiply,BTC,2021-01-01,MONA
365,1640995200,1.161,1.138,1.138,18.16,20.97,1.155,multiply,BTC,2021-12-31,MONA
1,1609545600,0.06956,0.06086,0.06201,3084962.0,192733.19,0.06248,multiply,BTC,2021-01-01,FIO
365,1640995200,0.162,0.1589,0.1598,46786.0,7557.21,0.1615,multiply,BTC,2021-12-31,FIO
365,1640995200,540.77,529.45,538.01,228.54,123141.92,538.82,multiply,USDT,2021-12-31,STRONG
1,1609545600,19.97,17.07,16.75,1844.7,36831.75,19.97,multiply,BTC,2021-01-01,NYE
1,1609545600,0.989,0.8292,0.9005,631776.0,531627.57,0.8415,multiply,BTC,2021-01-01,BEL
365,1640995200,1.578,1.539,1.541,1862.2,2925.49,1.571,multiply,BTC,2021-12-31,BEL
1,1609545600,0.1209,0.1109,0.1111,313014.85,35437.32,0.1132,multiply,ETH,2021-01-01,PNK
365,1640995200,0.1179,0.1153,0.1157,2824.86,331.04,0.1172,multiply,ETH,2021-12-31,PNK
365,1640995200,12.67,12.4,12.44,2464.3,30909.41,12.61,direct,,2021-12-31,RARI
1,1609545600,0.008051,0.006119,0.007053,36463186.0,246591.94,0.006763,multiply,BTC,2021-01-01,SSV
365,1640995200,6.898,6.643,6.699,2542.7,17420.08,6.851,multiply,BTC,2021-12-31,SSV
1,1609545600,0.07594,0.06122,0.06868,2688633.86,170840.64,0.06354,multiply,ETH,2021-01-01,AION
365,1640995200,0.1418,0.1375,0.138,28438.0,3992.85,0.1404,multiply,ETH,2021-12-31,AION
1,1609545600,0.06984,0.06292,0.06573,3257191.4,205125.29,0.06298,multiply,ETH,2021-01-01,BLZ
365,1640995200,0.2243,0.2171,0.2176,229798.73,51119.18,0.2225,multiply,BTC,2021-12-31,BLZ
1,1609545600,0.08499,0.06387,0.07285,14155.0,1129.57,0.0798,multiply,USDT,2021-01-01,TNC
1,1609545600,0.1597,0.1395,0.1543,119214.75,18438.83,0.1547,invert_divide,BTC,2021-01-01,QC
365,1640995200,0.1464,0.1464,0.1464,4612667.2,676856.8,0.1467,invert_divide,ETH,2021-12-31,QC
1,1609545600,3.372,2.904,3.065,380534.08,1156342.41,3.039,multiply,BTC,2021-01-01,FIRO
365,1640995200,5.289,5.172,5.198,769.38,4048.35,5.262,multiply,ETH,2021-12-31,FIRO
1,1609545600,0.02512,0.0219,0.02087,91053.37,2287.15,0.02512,multiply,BTC,2021-01-01,UPP
1,1609545600,0.004487,0.003797,0.004157,3786006.82,14844.91,0.003921,multiply,ETH,2021-01-01,RFR
1,1609545600,0.06509,0.06199,0.06137,373382.55,23436.07,0.06277,multiply,ETH,2021-01-01,OM
365,1640995200,0.1499,0.1467,0.1474,6010.1,900.63,0.1499,multiply,ETH,2021-12-31,OM
1,1609545600,0.06295,0.05689,0.05485,22214497.7,1272459.93,0.05728,multiply,ETH,2021-01-01,BTM
365,1640995200,0.03857,0.03749,0.03786,35178.55,1346.82,0.03829,multiply,ETH,2021-12-31,BTM
1,1609545600,0.06765,0.05589,0.06239,598990.3,34524.04,0.05764,multiply,ETH,2021-01-01,BRD
365,1640995200,0.7205,0.7003,0.7068,54567.0,39111.58,0.7168,multiply,BTC,2021-12-31,BRD
1,1609545600,0.002239,0.001976,0.002104,40799431.35,82200.25,0.002015,multiply,ETH,2021-01-01,KEY
365,1640995200,0.01309,0.01291,0.01291,2260888.2,29406.29,0.01307,direct,,2021-12-31,KEY
1,1609545600,0.2952,0.2621,0.2749,55603.85,15248.64,0.2742,multiply,ETH,2021-01-01,BEAM
365,1640995200,0.588,0.5728,0.5798,21267.76,12395.29,0.5828,multiply,BTC,2021-12-31,BEAM
1,1609545600,0.1981,0.1681,0.1781,1015333.9,176566.22,0.1739,multiply,BTC,2021-01-01,NWC
365,1640995200,0.4113,0.3991,0.4042,17946.25,7263.22,0.4047,multiply,BTC,2021-12-31,NWC
1,1609545600,0.03246,0.02487,0.02876,7763656.4,248884.29,0.03206,multiply,ETH,2021-01-01,BMX
365,1640995200,0.3621,0.3469,0.3557,379191.6,133385.83,0.3518,multiply,BTC,2021-12-31,BMX
1,1609545600,1.661,1.446,1.486,98380.01,147194.31,1.496,multiply,BTC,2021-01-01,ELA
365,1640995200,2.976,2.872,2.926,2244.53,6571.26,2.928,multiply,ETH,2021-12-31,ELA
1,1609545600,0.01408,0.01036,0.01325,776533.97,8785.35,0.01131,multiply,ETH,2021-01-01,MITH
365,1640995200,0.06089,0.05913,0.05913,1808175.94,109256.78,0.06042,multiply,BTC,2021-12-31,MITH
1,1609545600,1.39,1.279,1.268,1189587.02,1533127.47,1.289,multiply,BTC,2021-01-01,NRG
365,1640995200,1.272,1.249,1.25,28.05,35.66,1.271,multiply,ETH,2021-12-31,NRG
1,1609545600,1.491,1.312,1.328,94193.08,124185.76,1.318,multiply,BTC,2021-01-01,MET
365,1640995200,4.815,4.657,4.676,288.79,1389.3,4.811,multiply,ETH,2021-12-31,MET
1,1609545600,0.04371,0.03789,0.03626,1245249.0,53496.46,0.04296,multiply,ETH,2021-01-01,LA
365,1640995200,0.1123,0.1102,0.1104,141.0,15.8,0.112,multiply,ETH,2021-12-31,LA
365,1640995200,0.4295,0.4135,0.4135,882.87,379.15,0.4294,multiply,ETH,2021-12-31,PRQ
1,1609545600,1.71,1.489,1.556,355953.63,542278.77,1.523,multiply,ETH,2021-01-01,GAS
365,1640995200,5.838,5.714,5.728,9060.26,52677.67,5.814,multiply,BTC,2021-12-31,GAS
1,1609545600,0.09371,0.07053,0.06936,18915.93,1608.19,0.08502,multiply,BTC,2021-01-01,BOA
365,1640995200,0.186,0.1797,0.1834,739.14,137.13,0.1855,multiply,BTC,2021-12-31,BOA
1,1609545600,0.06859,0.06119,0.05907,2237554.45,140511.93,0.0628,multiply,BTC,2021-01-01,VID
365,1640995200,0.3617,0.3529,0.3562,192.9,69.04,0.3579,multiply,BTC,2021-12-31,VID
1,1609545600,0.1536,0.1362,0.1402,665759.46,92834.67,0.1394,multiply,BTC,2021-01-01,SUKU
365,1640995200,0.4812,0.4698,0.4744,21310.58,10164.1,0.477,multiply,BTC,2021-12-31,SUKU
365,1640995200,0.3703,0.3695,0.3698,6884.38,2545.98,0.3698,direct,,2021-12-31,PLANETS
1,1609545600,0.001689,0.001496,0.001593,10309308.68,15657.82,0.001519,multiply,ETH,2021-01-01,MBL
1,1609545600,0.4004,0.3483,0.3763,150040.01,53249.83,0.3549,multiply,ETH,2021-01-01,GRS
365,1640995200,0.7018,0.6855,0.6897,17457.97,12195.1,0.6985,multiply,BTC,2021-12-31,GRS
1,1609545600,0.1861,0.1652,0.1602,730305.34,128881.33,0.1765,multiply,BTC,2021-01-01,FSN
365,1640995200,0.7225,0.7036,0.7036,419.76,302.86,0.7215,multiply,BTC,2021-12-31,FSN
1,1609545600,0.09607,0.08647,0.09211,88936.29,8232.87,0.08838,direct,,2021-01-01,SOLVE
365,1640995200,0.1233,0.1192,0.1215,419596.33,50923.36,0.1214,multiply,BTC,2021-12-31,SOLVE
1,1609545600,0.4262,0.2712,0.2849,498771.68,143004.32,0.2867,multiply,ETH,2021-01-01,FRONT
365,1640995200,0.7047,0.6862,0.6881,415.71,291.07,0.7002,multiply,ETH,2021-12-31,FRONT
1,1609545600,0.1456,0.1159,0.1296,1902673.0,235288.31,0.1237,multiply,BTC,2021-01-01,FLM
365,1640995200,0.3623,0.3511,0.3511,24537.0,8876.14,0.3617,multiply,BTC,2021-12-31,FLM
1,1609545600,0.5885,0.5176,0.5464,13901.01,7265.64,0.5227,multiply,ETH,2021-01-01,DEGO
365,1640995200,6.399,6.175,6.23,16.47,105.39,6.399,multiply,ETH,2021-12-31,DEGO
1,1609545600,3.916,2.143,2.698,11857.93,34280.34,2.891,multiply,BTC,2021-01-01,SBD
365,1640995200,5.761,5.119,5.123,4164.81,22917.53,5.503,multiply,BTC,2021-12-31,SBD
1,1609545600,0.658,0.501,0.6513,79040.89,44579.06,0.564,multiply,USDT,2021-01-01,BURGER
365,1640995200,3.031,2.99,2.99,9888.56,29972.23,3.031,multiply,USDT,2021-12-31,BURGER
1,1609545600,149.32,147.46,139.91,282.32,41850.66,148.24,multiply,ETH,2021-01-01,DGD
365,1640995200,702.95,661.25,661.27,0.0739,50.26,680.1,multiply,ETH,2021-12-31,DGD
1,1609545600,0.05861,0.05475,0.05084,24934.27,1413.23,0.05668,multiply,BTC,2021-01-01,ADS
1,1609545600,0.01926,0.016,0.01687,2540320.07,42361.99,0.01668,multiply,ETH,2021-01-01,DOCK
365,1640995200,0.06703,0.0656,0.06606,50515.72,3385.41,0.06702,multiply,BTC,2021-12-31,DOCK
1,1609545600,0.01041,0.009035,0.009184,6382193.35,59692.93,0.009353,multiply,ETH,2021-01-01,CET
365,1640995200,0.07316,0.07138,0.07179,15742.24,1144.06,0.07267,multiply,ETH,2021-12-31,CET
1,1609545600,0.0008369,0.0006819,0.0007744,21357172.0,16053.18,0.0007517,multiply,ETH,2021-01-01,APL
365,1640995200,0.002344,0.00231,0.00231,54626794.0,128004.97,0.002343,multiply,BTC,2021-12-31,APL
1,1609545600,0.01093,0.008989,0.008767,867405.31,9006.84,0.01038,multiply,ETH,2021-01-01,CXO
365,1640995200,0.2706,0.2643,0.2658,575.67,155.35,0.2699,multiply,ETH,2021-12-31,CXO
1,1609545600,0.003864,0.002576,0.002645,29304600.92,113245.78,0.003864,multiply,BTC,2021-01-01,SNTVT
365,1640995200,0.01734,0.01524,0.01617,1327216.02,23014.12,0.01734,multiply,BTC,2021-12-31,SNTVT
1,1609545600,0.1246,0.07085,0.1137,38771.0,4107.79,0.1059,multiply,BTC,2021-01-01,ATRI
1,1609545600,1.995,1.769,1.808,26669.55,48978.98,1.837,multiply,ETH,2021-01-01,CVP
365,1640995200,1.412,1.372,1.374,1973.11,2768.37,1.403,multiply,ETH,2021-12-31,CVP
1,1609545600,0.2205,0.2077,0.2058,169125.38,35122.81,0.2077,multiply,ETH,2021-01-01,KRL
365,1640995200,1.321,1.289,1.298,1474.88,1929.16,1.308,multiply,BTC,2021-12-31,KRL
1,1609545600,0.7629,0.598,0.6157,884.9,628.93,0.7107,multiply,BTC,2021-01-01,BTU
365,1640995200,24.95,24.2,24.4,3933.73,97689.89,24.83,multiply,BTC,2021-12-31,AUCTION
365,1640995200,0.06944,0.0676,0.06763,66167.25,4592.31,0.0694,multiply,ETH,2021-12-31,HEGIC
1,1609545600,0.01803,0.01514,0.01587,14446318.11,227959.77,0.01578,multiply,BTC,2021-01-01,FOR
365,1640995200,0.075,0.07253,0.07391,952426.71,70970.97,0.07452,multiply,BTC,2021-12-31,FOR
1,1609545600,0.0007284,0.0006354,0.0006429,777322.0,499.95,0.0006432,multiply,ETH,2021-01-01,AMO
365,1640995200,116.26,111.52,111.52,5.368,618.41,115.2,multiply,ETH,2021-12-31,XOR
1,1609545600,0.0133,0.0125,0.01272,142402.83,1826.25,0.01278,direct,,2021-01-01,VSYS
365,1640995200,0.01969,0.01894,0.01894,280295.7,5385.83,0.01921,multiply,BTC,2021-12-31,VSYS
1,1609545600,0.0001472,0.0001317,0.0001315,1377000.0,202.74,0.0001472,multiply,ETH,2021-01-01,BCN
365,1640995200,0.001406,0.000231,0.000231,7689.2,10.81,0.001406,multiply,BTC,2021-12-31,BCN
365,1640995200,0.06516,0.06329,0.06375,114761.0,7422.03,0.06467,multiply,BTC,2021-12-31,POND
1,1609545600,0.02565,0.02069,0.02323,718620716.61,15313627.82,0.02131,multiply,ETH,2021-01-01,GTO
365,1640995200,0.06094,0.05913,0.05913,1803790.09,109895.13,0.06092,multiply,BTC,2021-12-31,GTO
1,1609545600,0.02744,0.01647,0.02744,7518.99,123.84,0.01647,direct,,2021-01-01,GOM2
1,1609545600,0.322,0.3059,0.2939,24.32,7.44,0.3059,multiply,BTC,2021-01-01,VRSC
1,1609545600,0.003864,0.003864,0.003527,15223.18,58.83,0.003864,multiply,BTC,2021-01-01,FLETA
1,1609545600,0.4888,0.485,0.4874,27.8,13.52,0.4875,direct,,2021-01-01,MATH
365,1640995200,0.3852,0.3823,0.385,2387.9,915.61,0.3839,direct,,2021-12-31,MATH
1,1609545600,0.004812,0.00406,0.003843,2684862.98,12545.42,0.004673,multiply,ETH,2021-01-01,DREP
365,1640995200,1.12,1.085,1.104,12907.0,14232.99,1.103,multiply,BTC,2021-12-31,DREP
1,1609545600,0.0161,0.01256,0.01323,37890330.95,488082.63,0.01288,multiply,BTC,2021-01-01,NBS
365,1640995200,0.01641,0.01617,0.01617,2593.65,42.54,0.0164,multiply,BTC,2021-12-31,NBS
1,1609545600,0.02351,0.01771,0.02057,13702891.0,273595.44,0.01997,multiply,BTC,2021-01-01,SHR
1,1609545600,1.143,0.9671,0.9928,42149.19,42648.17,1.012,multiply,BTC,2021-01-01,FCT
365,1640995200,1.317,1.233,1.233,443.64,579.25,1.306,multiply,BTC,2021-12-31,FCT
365,1640995200,0.4241,0.4058,0.4095,2316.0,964.39,0.4164,multiply,ETH,2021-12-31,DEXT
1,1609545600,1.11,1.01,1.107,88777.31,93748.84,1.056,multiply,USDT,2021-01-01,VELO
1,1609545600,0.06274,0.05054,0.05853,25446863.0,1311890.04,0.05155,multiply,ETH,2021-01-01,REVV
365,1640995200,0.1654,0.1609,0.1618,2232.0,366.55,0.1642,multiply,ETH,2021-12-31,REVV
1,1609545600,0.1307,0.1114,0.1146,472355.76,55978.6,0.1185,multiply,BTC,2021-01-01,DF
365,1640995200,0.1219,0.1183,0.1183,1090.92,131.4,0.1204,multiply,BTC,2021-12-31,DF
365,1640995200,9.059,8.978,8.978,528.41,4779.0,9.059,direct,,2021-12-31,HEZ
1,1609545600,0.0002867,0.0002557,0.000263,15784847.62,4036.45,0.0002557,multiply,ETH,2021-01-01,MTV
365,1640995200,0.01031,0.009239,0.01016,3730784.67,36715.98,0.009841,multiply,BTC,2021-12-31,MTV
365,1640995200,8.124,7.904,7.923,754.3,6097.66,8.084,multiply,BTC,2021-12-31,UNFI
1,1609545600,0.01546,0.01256,0.01293,20520521.47,270942.55,0.0132,multiply,BTC,2021-01-01,VITE
365,1640995200,0.08063,0.07022,0.07807,174751.37,12448.01,0.07123,multiply,BTC,2021-12-31,VITE
1,1609545600,0.001364,0.001108,0.001059,706110.0,886.41,0.001255,multiply,ETH,2021-01-01,NCT
365,1640995200,12.2,11.67,12.2,0.2516,3.064,12.2,direct,,2021-12-31,DORA
1,1609545600,1.288e-05,9.66e-06,1.176e-05,239081620.0,3079.72,1.288e-05,multiply,BTC,2021-01-01,KICK
365,1640995200,37.01,36.12,36.23,125.05,4606.78,36.84,multiply,BTC,2021-12-31,TORN
1,1609545600,0.09152,0.08446,0.0857,226005.84,19159.43,0.08477,multiply,ETH,2021-01-01,AE
365,1640995200,0.113,0.1049,0.1095,31355.57,3511.68,0.112,multiply,BTC,2021-12-31,AE
1,1609545600,0.0277,0.0219,0.0241,18100841.0,425526.47,0.02351,multiply,BTC,2021-01-01,PERL
365,1640995200,0.08344,0.08038,0.08038,56603.0,4695.03,0.08295,multiply,BTC,2021-12-31,PERL
1,1609545600,0.004186,0.003864,0.003821,198141.67,765.71,0.003864,multiply,BTC,2021-01-01,AHT
365,1640995200,0.01219,0.01155,0.01201,12422.36,145.54,0.01172,multiply,BTC,2021-12-31,AHT
1,1609545600,0.08534,0.06409,0.077,21541070.0,1422086.77,0.06602,multiply,BTC,2021-01-01,AST
365,1640995200,0.2639,0.2555,0.2578,60584.01,15927.46,0.2629,multiply,BTC,2021-12-31,AST
1,1609545600,0.007826,0.006742,0.007233,596941.42,4301.9,0.007207,multiply,ETH,2021-01-01,GO
365,1640995200,0.03516,0.03419,0.03465,470354.54,16310.24,0.03468,multiply,BTC,2021-12-31,GO
1,1609545600,0.6711,0.5397,0.6022,2256092.83,1246749.53,0.5526,multiply,BTC,2021-01-01,VIDT
365,1640995200,0.81,0.7946,0.7969,1721.49,1391.55,0.8083,multiply,BTC,2021-12-31,VIDT
1,1609545600,0.3939,0.336,0.3552,94829.36,33473.45,0.336,direct,,2021-01-01,PNT
365,1640995200,0.9342,0.9147,0.9147,3276.11,3051.95,0.9316,multiply,BTC,2021-12-31,PNT
1,1609545600,0.0132,0.01127,0.01205,99776.0,1285.26,0.01288,multiply,BTC,2021-01-01,ULT
365,1640995200,0.8934,0.8681,0.8681,17804.01,15665.95,0.8932,direct,,2021-12-31,OXY
1,1609545600,0.3217,0.1697,0.1549,25648.0,5798.23,0.2261,multiply,BTC,2021-01-01,GNY
365,1640995200,0.2292,0.2259,0.2259,92040.0,21090.56,0.2291,multiply,BTC,2021-12-31,GNY
1,1609545600,0.003542,0.00322,0.003233,11048.4,39.14,0.003542,multiply,BTC,2021-01-01,EDG
365,1640995200,0.03375,0.006467,0.006467,2625.56,88.58,0.03374,multiply,BTC,2021-12-31,EDG
1,1609545600,0.1115,0.1002,0.1045,230738.99,23351.23,0.1012,multiply,ETH,2021-01-01,SERO
1,1609545600,0.5951,0.5542,0.5425,142202.46,78903.7,0.5549,multiply,BTC,2021-01-01,OXEN
365,1640995200,0.6647,0.6366,0.6551,4959.77,3239.87,0.6532,multiply,BTC,2021-12-31,OXEN
1,1609545600,0.00551,0.004448,0.004588,16412923.49,87756.78,0.005347,multiply,ETH,2021-01-01,NIM
365,1640995200,0.004305,0.00419,0.00419,174006.81,741.82,0.004263,multiply,ETH,2021-12-31,NIM
1,1609545600,0.3472,0.2948,0.3169,144553.34,43147.94,0.2985,multiply,ETH,2021-01-01,PIVX
365,1640995200,0.5603,0.5436,0.5492,2624.2,1466.15,0.5587,multiply,ETH,2021-12-31,PIVX
1,1609545600,0.1785,0.1575,0.1623,611117.55,96415.8,0.1578,multiply,ETH,2021-01-01,WICC
365,1640995200,0.1735,0.1685,0.1697,192.38,32.99,0.1715,multiply,ETH,2021-12-31,WICC
1,1609545600,0.0006441,0.0006441,0.0005878,40912423.1,26350.58,0.0006441,multiply,BTC,2021-01-01,BEPRO
365,1640995200,0.005625,0.005544,0.005544,25149.54,141.38,0.005622,multiply,BTC,2021-12-31,BEPRO
1,1609545600,0.009661,0.008373,0.008817,91399322.21,824149.44,0.009017,multiply,BTC,2021-01-01,WXT
365,1640995200,0.00375,0.003696,0.003696,855213.17,3205.51,0.003748,multiply,BTC,2021-12-31,WXT
365,1640995200,0.09298,0.08961,0.08962,4983.0,461.37,0.09259,multiply,ETH,2021-12-31,CAPS
1,1609545600,0.001201,0.0009216,0.001,109337.33,104.33,0.0009216,direct,,2021-01-01,RDD
365,1640995200,89.8,84.58,85.72,1.101,98.77,89.71,multiply,ETH,2021-12-31,NFTX
1,1609545600,0.2364,0.1935,0.2025,772522.9,153000.0,0.1981,multiply,BTC,2021-01-01,NXS
365,1640995200,0.4749,0.456,0.4638,22379.77,10590.33,0.4732,multiply,BTC,2021-12-31,NXS
1,1609545600,15.33,12.43,13.99,23346.35,309005.19,13.24,multiply,BTC,2021-01-01,WING
365,1640995200,15.36,15.01,15.01,13.88,212.26,15.29,multiply,BTC,2021-12-31,WING
1,1609545600,0.0007749,0.0005114,0.0007306,7753255.31,5947.92,0.0007672,multiply,ETH,2021-01-01,PAC
365,1640995200,611.73,597.78,597.79,5.092,3112.95,611.34,multiply,BTC,2021-12-31,AUTO
1,1609545600,0.6061,0.4824,0.5125,1245189.66,643599.21,0.5169,multiply,BTC,2021-01-01,PPT
365,1640995200,0.5472,0.5315,0.5345,361.3,197.52,0.5467,multiply,ETH,2021-12-31,PPT
1,1609545600,0.2712,0.2361,0.246,33997.55,8386.51,0.2467,multiply,BTC,2021-01-01,KDAG
1,1609545600,0.02737,0.02286,0.02381,370564.11,9188.81,0.0248,multiply,BTC,2021-01-01,MAP
365,1640995200,0.02906,0.02818,0.02818,33173.41,947.97,0.02858,multiply,BTC,2021-12-31,MAP
1,1609545600,0.0009661,0.0009661,0.0008817,257609325.71,248878.74,0.0009661,multiply,BTC,2021-01-01,KRT
1,1609545600,2.325e-05,1.55e-05,1.461e-05,109119672.79,2536.71,2.325e-05,multiply,ETH,2021-01-01,BAX
365,1640995200,0.0006363,0.0006249,0.0006249,1306462.97,830.54,0.0006357,multiply,ETH,2021-12-31,BAX
1,1609545600,0.00177,0.001262,0.00177,985241.59,1474.67,0.001639,direct,,2021-01-01,VEE
365,1640995200,0.009844,0.009701,0.009701,4738.0,46.61,0.009838,multiply,BTC,2021-12-31,VEE
365,1640995200,0.9665,0.9171,0.9491,19.29,18.0,0.9331,multiply,ETH,2021-12-31,CGG
1,1609545600,2.254,1.288,1.176,1.0,2.254,2.254,multiply,BTC,2021-01-01,XCP
1,1609545600,0.000186,0.0001705,0.000168,253710.89,43.25,0.0001705,multiply,ETH,2021-01-01,BAN
1,1609545600,0.01417,0.01256,0.01234,1638113.91,21101.29,0.01288,multiply,BTC,2021-01-01,LIKE
1,1609545600,0.03947,0.02634,0.0385,27918050.96,991090.81,0.0355,multiply,USDT,2021-01-01,QQQ
1,1609545600,0.006763,0.004509,0.006172,101425750.9,587930.11,0.005797,multiply,BTC,2021-01-01,TMTG
1,1609545600,0.009609,0.008059,0.008577,1928790.09,15738.34,0.00816,multiply,ETH,2021-01-01,TCT
365,1640995200,0.03516,0.03419,0.03465,35778.0,1257.22,0.03514,multiply,BTC,2021-12-31,TCT
1,1609545600,0.06988,0.03768,0.05613,658003.63,35387.49,0.05378,multiply,BTC,2021-01-01,CUT
1,1609545600,2.673,2.623,2.648,12774.32,34043.56,2.665,multiply,USDT,2021-01-01,MCB
1,1609545600,0.06151,0.04476,0.05613,460040.72,24148.43,0.05249,multiply,BTC,2021-01-01,GAME
365,1640995200,0.1552,0.1483,0.1529,739.38,112.94,0.1527,multiply,BTC,2021-12-31,GAME
1,1609545600,0.02985,0.02635,0.02776,4715318.0,124269.14,0.02635,multiply,ETH,2021-01-01,QSP
365,1640995200,0.04016,0.03915,0.03944,663.0,26.41,0.03984,multiply,ETH,2021-12-31,QSP
1,1609545600,1.0,1.0,1.0,1098102.24,1098164.65,1.0,direct,,2021-01-01,RSV
1,1609545600,0.001382,0.001207,0.001218,119214.75,159.58,0.001339,invert_divide,BTC,2021-01-01,AOA
1,1609545600,1.033,0.9022,1.0,119214.75,119286.76,1.001,invert_divide,BTC,2021-01-01,USDK
365,1640995200,0.9996,0.9991,0.9991,1139156.78,1138706.25,0.9996,invert_divide,ETH,2021-12-31,USDK
365,1640995200,0.573,0.572,0.573,7.539,4.313,0.572,direct,,2021-12-31,CQT
1,1609545600,0.002565,0.00241,0.002382,71799438.89,180821.5,0.002518,multiply,ETH,2021-01-01,BF
365,1640995200,0.006563,0.006467,0.006467,7868567.3,51611.6,0.006559,multiply,BTC,2021-12-31,BF
1,1609545600,0.1926,0.163,0.1605,435423.65,73476.47,0.1687,multiply,BTC,2021-01-01,VTC
365,1640995200,0.4411,0.4264,0.4324,4878.9,2114.39,0.4334,multiply,BTC,2021-12-31,VTC
1,1609545600,0.05678,0.04704,0.05244,592683.01,28649.27,0.04834,multiply,ETH,2021-01-01,DRGN
365,1640995200,0.07374,0.07131,0.07241,13122.75,952.3,0.07257,multiply,ETH,2021-12-31,DRGN
1,1609545600,5.533,4.38,4.482,22215.89,113998.35,5.131,multiply,ETH,2021-01-01,CRU
365,1640995200,9.212,8.263,8.307,837.31,7508.03,8.967,multiply,ETH,2021-12-31,CRU
1,1609545600,0.02708,0.02367,0.02497,616239.09,14970.37,0.02429,multiply,ETH,2021-01-01,SWTH
365,1640995200,6.0,5.811,5.825,8165.1,48965.76,5.997,multiply,BTC,2021-12-31,VAL
1,1609545600,0.1625,0.1394,0.1388,2624705.0,383910.35,0.1463,multiply,BNB,2021-01-01,SPARTA
365,1640995200,0.3109,0.3099,0.3058,48860.0,15140.81,0.3099,multiply,BNB,2021-12-31,SPARTA
365,1640995200,5.91,5.866,5.87,5.33,31.29,5.866,direct,,2021-12-31,BTSE
1,1609545600,0.01964,0.0132,0.01793,2636.49,34.81,0.0132,multiply,BTC,2021-01-01,PNY
365,1640995200,0.004897,0.00484,0.004876,6598595.64,32267.13,0.00489,multiply,USDT,2021-12-31,STC
1,1609545600,0.001821,0.001674,0.001702,22932877.57,39450.92,0.00172,multiply,ETH,2021-01-01,DX
1,1609545600,0.002898,0.002254,0.002645,3723710.11,9593.36,0.002576,multiply,BTC,2021-01-01,SOC
365,1640995200,0.001406,0.001386,0.001386,29219.42,41.08,0.001406,multiply,BTC,2021-12-31,SOC
1,1609545600,0.00322,0.002576,0.002645,72803520.02,211008.45,0.002898,multiply,BTC,2021-01-01,SIN
1,1609545600,0.0031,0.0029,0.0029,2567355.4,7757.04,0.003,direct,,2021-01-01,MHC
365,1640995200,0.007031,0.006467,0.006929,3423192.52,24062.59,0.007029,multiply,BTC,2021-12-31,MHC
1,1609545600,0.245,0.163,0.1633,140111.8,34327.39,0.245,multiply,USDT,2021-01-01,VALOR
1,1609545600,0.002254,0.00161,0.002057,1141390.38,1837.85,0.00161,multiply,BTC,2021-01-01,TEMCO
365,1640995200,0.2103,0.2,0.2,72.57,14.51,0.2,multiply,USDT,2021-12-31,ID
1,1609545600,0.4151,0.3794,0.3486,93691.16,35874.47,0.3829,multiply,BTC,2021-01-01,ZANO
365,1640995200,2.223,2.18,2.191,4828.4,10684.28,2.213,multiply,BTC,2021-12-31,ZANO
365,1640995200,0.1583,0.1507,0.1555,794.82,121.92,0.1534,multiply,ETH,2021-12-31,KYL
1,1609545600,0.1443,0.1237,0.1311,2019755.73,253019.16,0.1253,multiply,BTC,2021-01-01,NAV
365,1640995200,0.3239,0.3178,0.3188,150344.0,48545.44,0.3229,multiply,BTC,2021-12-31,NAV
1,1609545600,0.003864,0.003542,0.003527,216032.1,765.27,0.003542,multiply,BTC,2021-01-01,OBSR
365,1640995200,0.006094,0.005544,0.006006,65688.07,400.16,0.006092,multiply,BTC,2021-12-31,OBSR
365,1640995200,0.008664,0.008657,0.008664,21534381.0,186468.96,0.008662,direct,,2021-12-31,GYEN
1,1609545600,0.1398,0.1121,0.1205,1760467.0,208631.88,0.1185,multiply,BTC,2021-01-01,FRM
1,1609545600,0.5642,0.3665,0.3344,302.11,170.45,0.5642,multiply,BTC,2021-01-01,GET
1,1609545600,72.0,63.7,69.2,546.92,37803.55,63.75,direct,,2021-01-01,CREAM
365,1640995200,37.6,37.05,37.05,311.43,11616.53,37.6,direct,,2021-12-31,CREAM
1,1609545600,0.00193,0.001697,0.00168,376210.0,670.51,0.001782,multiply,ETH,2021-01-01,BNK
365,1640995200,0.3395,0.3271,0.3301,788.2,266.89,0.3386,multiply,ETH,2021-12-31,XED
1,1609545600,0.389,0.3423,0.3441,23323.53,8382.3,0.3594,multiply,BTC,2021-01-01,PPC
365,1640995200,0.7852,0.7659,0.7738,640.64,502.87,0.7849,multiply,BTC,2021-12-31,PPC
365,1640995200,2.584,2.524,2.533,207.9,535.1,2.574,multiply,ETH,2021-12-31,GSWAP
1,1609545600,0.003542,0.002576,0.002939,1096632.62,3178.4,0.002898,multiply,BTC,2021-01-01,SUTER
365,1640995200,0.006094,0.005544,0.005544,1641.6,10.0,0.006092,multiply,BTC,2021-12-31,SUTER
1,1609545600,0.3911,0.3513,0.3602,227112.58,82222.31,0.362,multiply,ETH,2021-01-01,GRIN
365,1640995200,0.3537,0.2282,0.2282,211.51,51.49,0.2434,multiply,ETH,2021-12-31,GRIN
1,1609545600,53.38,0.5063,0.6756,1277989.2,771058.35,0.6033,multiply,ETH,2021-01-01,NEBL
365,1640995200,1.116,1.087,1.092,6694.82,7434.72,1.111,multiply,ETH,2021-12-31,NEBL
365,1640995200,0.2317,0.2238,0.2272,10108.45,2304.66,0.228,multiply,ETH,2021-12-31,OPCT
1,1609545600,0.0085,0.007674,0.008145,28656.78,234.93,0.007674,direct,,2021-01-01,CND
365,1640995200,0.01078,0.01016,0.01063,197726.0,2038.49,0.01031,multiply,BTC,2021-12-31,CND
1,1609545600,3.8,3.25,3.299,29495.51,110195.23,3.736,multiply,USDT,2021-01-01,PCX
1,1609545600,0.05192,0.04572,0.04603,2435721.47,120796.2,0.04959,multiply,ETH,2021-01-01,RING
365,1640995200,0.04219,0.04065,0.04158,1302.94,53.73,0.04124,multiply,BTC,2021-12-31,RING
1,1609545600,0.09087,0.08518,0.08705,189439.02,16508.56,0.08518,direct,,2021-01-01,SAN
1,1609545600,0.2644,0.2392,0.2493,1168836.75,279871.06,0.2394,multiply,ETH,2021-01-01,NAS
365,1640995200,0.3447,0.336,0.3384,18889.95,6482.29,0.3432,multiply,ETH,2021-12-31,NAS
1,1609545600,0.03321,0.01966,0.01966,10000.0,332.12,0.03321,direct,,2021-01-01,POA
1,1609545600,0.7027,0.6041,0.5675,17780.31,11451.81,0.6441,multiply,BTC,2021-01-01,PART
1,1609545600,0.9661,0.7284,0.7097,2017.11,1469.36,0.7284,multiply,BTC,2021-01-01,NEX
365,1640995200,0.6689,0.6495,0.655,5734.64,3835.48,0.6688,multiply,ETH,2021-12-31,NEX
365,1640995200,0.00375,0.003696,0.003696,867.81,3.254,0.00375,multiply,BTC,2021-12-31,VEED
365,1640995200,0.4195,0.4088,0.4135,533.32,222.46,0.4171,multiply,BTC,2021-12-31,POLK
365,1640995200,0.0004493,0.0004043,0.0004411,4042660.63,1664.92,0.0004118,multiply,ETH,2021-12-31,UBX
365,1640995200,0.6361,0.6146,0.6205,19492.0,12201.73,0.626,multiply,ETH,2021-12-31,UFT
1,1609545600,0.03542,0.02931,0.03145,3497322.47,108121.45,0.03092,multiply,BTC,2021-01-01,RINGX
1,1609545600,0.3811,0.3127,0.3811,1356.62,437.37,0.3329,direct,,2021-01-01,ZCN
365,1640995200,0.4044,0.372,0.372,73847.39,28804.73,0.3858,direct,,2021-12-31,ZCN
1,1609545600,0.1404,0.0921,0.1228,29183712.34,2913447.47,0.09983,multiply,BTC,2021-01-01,LBC
365,1640995200,0.0361,0.03511,0.03511,1796.77,64.86,0.0361,multiply,BTC,2021-12-31,LBC
1,1609545600,0.1037,0.08196,0.1037,32772.48,2761.6,0.08936,direct,,2021-01-01,WABI
365,1640995200,0.1988,0.1931,0.1949,96947.0,19087.63,0.1969,multiply,BTC,2021-12-31,WABI
1,1609545600,0.3253,0.2963,0.3011,146770.87,44242.04,0.3014,multiply,ETH,2021-01-01,SENSO
365,1640995200,1.58,1.502,1.51,3931.29,6182.88,1.573,multiply,BTC,2021-12-31,SENSO
1,1609545600,0.03398,0.02984,0.03282,120743.25,3964.04,0.03,direct,,2021-01-01,QASH
1,1609545600,0.001999,0.001829,0.001841,85476719.13,157641.46,0.001844,multiply,ETH,2021-01-01,KAN
365,1640995200,0.001881,0.00187,0.00187,5846.34,10.96,0.001881,direct,,2021-12-31,KAN
1,1609545600,0.2125,0.1063,0.194,54818.77,5825.7,0.1063,multiply,BTC,2021-01-01,WOM
1,1609545600,0.4554,0.429,0.4038,104857.0,46126.77,0.4399,multiply,BTC,2021-01-01,EMRX
365,1640995200,1.002,0.9415,0.9494,69.05,66.01,0.956,multiply,BTC,2021-12-31,AGRS
1,1609545600,0.0322,0.0322,0.02939,4891.0,157.51,0.0322,multiply,BTC,2021-01-01,IPX
365,1640995200,0.07548,0.06329,0.06329,5761.0,434.86,0.07548,multiply,BTC,2021-12-31,IPX
1,1609545600,0.5475,0.4869,0.4893,35739.93,17540.57,0.4908,multiply,BTC,2021-01-01,PING
1,1609545600,0.003542,0.002576,0.002939,234944544.64,680946.26,0.002898,multiply,BTC,2021-01-01,PHB
365,1640995200,0.467,0.4569,0.4601,9530.4,4419.1,0.4637,multiply,BTC,2021-12-31,PHB
1,1609545600,26.41,20.98,23.51,539.09,11525.74,21.38,multiply,BTC,2021-01-01,GBYTE
365,1640995200,20.79,20.3,20.48,45.0,935.23,20.78,multiply,BTC,2021-12-31,GBYTE
1,1609545600,0.02351,0.01771,0.02028,179024.98,3343.85,0.01868,multiply,BTC,2021-01-01,FOAM
1,1609545600,2.1,1.913,2.1,47.86,99.62,2.1,direct,,2021-01-01,IQN
1,1609545600,0.002113,0.0019,0.002048,33498038.85,66893.24,0.002061,direct,,2021-01-01,CLO
365,1640995200,0.006518,0.006501,0.006505,154267.98,1004.32,0.006507,direct,,2021-12-31,CLO
1,1609545600,0.00201,0.001835,0.001868,116700099.9,223597.39,0.001916,multiply,USDT,2021-01-01,SHA
365,1640995200,0.005158,0.005082,0.005082,5588367.49,28820.82,0.005157,multiply,BTC,2021-12-31,SHA
1,1609545600,0.6495,0.5828,0.6057,280635.35,164707.49,0.5869,multiply,ETH,2021-01-01,HC
365,1640995200,0.3708,0.3492,0.3566,94.08,34.18,0.3633,multiply,ETH,2021-12-31,HC
365,1640995200,8.382,7.511,7.554,5028.17,37767.82,7.511,multiply,WETH,2021-12-31,CWS
1,1609545600,0.01578,0.01256,0.01323,32488712.74,449889.57,0.01385,multiply,BTC,2021-01-01,AMB
365,1640995200,0.0286,0.02772,0.02818,18204.38,512.2,0.02814,multiply,BTC,2021-12-31,AMB
365,1640995200,5.238,4.994,5.008,2212.0,11223.71,5.074,multiply,BTC,2021-12-31,ACM
365,1640995200,0.0272,0.02587,0.02679,289372.46,7599.19,0.02626,multiply,BTC,2021-12-31,TONE
1,1609545600,0.1266,0.09532,0.09346,18470136.3,1974754.66,0.1069,multiply,BTC,2021-01-01,OAX
365,1640995200,0.2101,0.2,0.2028,288347.0,59766.8,0.2073,multiply,BTC,2021-12-31,OAX
1,1609545600,7.388e-05,6.45e-05,7.118e-05,119214.75,8.528,7.154e-05,invert_divide,BTC,2021-01-01,BIDR
365,1640995200,6.936e-05,6.934e-05,6.936e-05,1490503404.26,103418.81,6.939e-05,invert_divide,BTC,2021-12-31,BIDR
1,1609545600,0.01997,0.01642,0.01499,145350.0,2434.02,0.01675,multiply,BTC,2021-01-01,MITX
1,1609545600,0.0005683,0.0002593,0.0002593,40954.26,22.74,0.0005683,direct,,2021-01-01,GLC
365,1640995200,9.408,9.133,9.207,1020.75,9574.2,9.38,multiply,BTC,2021-12-31,TRIAS
1,1609545600,0.1903,0.172,0.1575,53815.03,9531.72,0.1771,multiply,BTC,2021-01-01,QRL
365,1640995200,0.1871,0.1802,0.1802,239.64,44.62,0.1862,multiply,BTC,2021-12-31,QRL
1,1609545600,0.0277,0.02576,0.02527,2309.0,59.49,0.02576,multiply,BTC,2021-01-01,TAU
1,1609545600,0.09872,0.06669,0.0673,6212837.18,428571.44,0.06898,multiply,ETH,2021-01-01,ABT
365,1640995200,0.1515,0.1469,0.1478,277.34,41.49,0.1496,multiply,BTC,2021-12-31,ABT
1,1609545600,0.1326,0.13,0.1326,7339.52,968.26,0.13,direct,,2021-01-01,AVT
1,1609545600,0.002317,0.001798,0.001805,25442063.0,57173.66,0.002247,multiply,ETH,2021-01-01,SRK
365,1640995200,0.001873,0.001838,0.001838,5589.0,10.47,0.001873,multiply,ETH,2021-12-31,SRK
1,1609545600,5.289,4.631,4.696,47381.97,242595.69,5.12,multiply,USDT,2021-01-01,TRIX
1,1609545600,3.861,2.099,2.524,774.74,1626.21,2.099,multiply,BTC,2021-01-01,TON
365,1640995200,5.468,5.202,5.202,32.18,175.96,5.468,multiply,BTC,2021-12-31,TON
1,1609545600,1.033,0.902,1.012,119214.75,119264.45,1.0,invert_divide,BTC,2021-01-01,USDJ
1,1609545600,1.14,0.9407,0.9666,244194.95,242399.36,0.9926,multiply,ETH,2021-01-01,DHT
365,1640995200,0.7103,0.6756,0.6969,47.97,33.82,0.705,multiply,ETH,2021-12-31,DHT
1,1609545600,0.004959,0.003875,0.004384,1701887.26,6989.6,0.004107,multiply,ETH,2021-01-01,OLT
365,1640995200,0.03334,0.03271,0.03271,10.45,0.3483,0.03334,multiply,ETH,2021-12-31,OLT
1,1609545600,0.1272,0.1124,0.1158,2401407.8,288456.09,0.1201,multiply,BTC,2021-01-01,LEVL
365,1640995200,0.1163,0.1104,0.1109,34040.5,3944.0,0.1159,multiply,BTC,2021-12-31,LEVL
365,1640995200,0.2379,0.215,0.2334,426.83,93.54,0.2191,multiply,ETH,2021-12-31,ZEE
1,1609545600,0.155,0.1317,0.1388,1365184.89,190418.72,0.1395,multiply,ETH,2021-01-01,TRUE
365,1640995200,0.183,0.1774,0.1792,119870.14,21599.0,0.1802,multiply,BTC,2021-12-31,TRUE
1,1609545600,0.03736,0.03639,0.03409,35687014.63,1321639.54,0.03703,multiply,BTC,2021-01-01,IGNIS
365,1640995200,0.01924,0.01848,0.01848,163843.63,3073.79,0.01876,multiply,BTC,2021-12-31,IGNIS
1,1609545600,1.5e-07,1.5e-07,1.5e-07,1768547087.71,274.09,1.5e-07,multiply,ETH,2021-01-01,FREE
1,1609545600,0.0008,0.0005154,0.0008,32595.22,17.52,0.0008,direct,,2021-01-01,NCASH
365,1640995200,0.001986,0.001911,0.001911,306933.0,597.9,0.001948,multiply,ETH,2021-12-31,NCASH
365,1640995200,8.282,7.715,8.094,76.04,598.03,7.864,multiply,ETH,2021-12-31,PICKLE
365,1640995200,0.3536,0.3459,0.3469,1319.0,465.8,0.3531,multiply,ETH,2021-12-31,SHROOM
1,1609545600,0.7384,0.5642,0.6466,500.91,285.36,0.5697,multiply,BTC,2021-01-01,CRON
1,1609545600,0.1762,0.1444,0.1654,4702368.54,686868.62,0.1461,multiply,ETH,2021-01-01,RDN
365,1640995200,0.1824,0.1751,0.1752,130756.48,23850.18,0.1824,multiply,ETH,2021-12-31,RDN
1,1609545600,0.0006742,0.0006122,0.0006283,191926069.6,117491.57,0.0006122,multiply,ETH,2021-01-01,DBC
365,1640995200,0.00446,0.004337,0.004337,149233.01,659.8,0.004421,multiply,ETH,2021-12-31,DBC
1,1609545600,0.001784,0.001614,0.001704,652403.86,1061.46,0.001627,multiply,USDT,2021-01-01,EOSC
365,1640995200,0.01394,0.01387,0.01388,78149.45,1086.28,0.0139,multiply,USDT,2021-12-31,EOSC
365,1640995200,25.9,22.9,22.9,464.75,11258.52,25.9,direct,,2021-12-31,ICE
1,1609545600,0.02683,0.02095,0.02464,7806470.89,169499.54,0.02171,multiply,ETH,2021-01-01,NEST
365,1640995200,0.006783,0.006432,0.006469,294137.93,1994.62,0.006781,multiply,ETH,2021-12-31,NEST
1,1609545600,0.009531,0.006416,0.008986,517099.6,3646.37,0.007052,multiply,ETH,2021-01-01,CHP
1,1609545600,0.06587,0.04882,0.04603,1557544.19,100176.1,0.06432,multiply,ETH,2021-01-01,RFUEL
365,1640995200,0.04422,0.04337,0.04337,29642.27,1310.29,0.0442,multiply,ETH,2021-12-31,RFUEL
1,1609545600,0.001932,0.001288,0.001469,4617371.65,5947.85,0.001288,multiply,BTC,2021-01-01,SIGNA
365,1640995200,0.0061,0.006005,0.006006,4459.85,27.19,0.006097,multiply,BTC,2021-12-31,SIGNA
365,1640995200,0.004947,0.004852,0.004852,1416.3,7.004,0.004945,multiply,ETH,2021-12-31,ISP
1,1609545600,0.01997,0.01739,0.01822,31741.4,562.2,0.01771,multiply,BTC,2021-01-01,TRV
365,1640995200,1.178,1.146,1.148,6166.45,7213.7,1.17,multiply,BTC,2021-12-31,FIS
1,1609545600,0.09,0.0835,0.08671,83078.11,7242.17,0.08713,direct,,2021-01-01,ETP
365,1640995200,0.1637,0.1593,0.1603,386.64,63.1,0.1632,multiply,ETH,2021-12-31,ETP
1,1609545600,0.01675,0.01095,0.01234,43763.91,563.74,0.01288,multiply,BTC,2021-01-01,APM
365,1640995200,0.1017,0.08835,0.09902,78694.08,7399.68,0.08835,direct,,2021-12-31,XSN
