"id","coin","date","total_news_articles","reddit_board_members","reddit_board_threads","tweet_volume","twitter_followers","name","reddit_board_comments"
148,AMP,2021-09-20 20:00:00,31,31436,25,184,29210,amp,626
150,ACH,2021-09-20 20:00:00,2,5936,6,352,40225,alchemy pay,51
153,BTC,2021-09-20 20:00:00,304,3372896,60,321949,3245191,bitcoin,764
157,ADA,2021-09-20 20:00:00,16,617681,46,39880,910159,cardano,773
162,DOGE,2021-09-20 20:00:00,30,2167032,354,57796,2124081,dogecoin,4413
168,ETH,2021-09-20 20:00:00,123,1106000,45,101512,1592365,ethereum,717
175,FET,2021-09-20 20:00:00,1,5194,3,548,78942,fetch.ai,32
183,XMR,2021-09-20 20:00:00,2,235358,15,1832,440777,monero,235
192,DOT,2021-09-20 20:00:00,10,52434,6,16686,635437,nan,50
202,XRP,2021-09-20 20:00:00,135,280278,10,58190,2043995,ripple,163
213,SHIB,2021-09-20 20:00:00,1,223649,57,3416,908111,shiba,893
225,USDT,2021-09-20 20:00:00,36,8359,0,3964,150547,tether,0
238,UNI,2021-09-20 20:00:00,3,52494,9,18326,632704,uniswap,20
