"id","coin","date","total_news_articles","reddit_board_members","reddit_board_threads","tweet_volume","twitter_followers","name"
1,ACH,2021-08-31 20:00:00,0,5264,25,71,32183,alchemy pay
2,ADA,2021-08-31 20:00:00,3,590137,61,39621,830643,cardano
3,DOGE,2021-08-31 20:00:00,5,2149024,500,53962,2072361,dogecoin
4,ETH,2021-08-31 20:00:00,18,1085394,66,128499,1536690,ethereum
5,FET,2021-08-31 20:00:00,0,4093,5,588,73658,fetch.ai
6,XMR,2021-08-31 20:00:00,0,233289,17,2372,436702,monero
7,ACH,2021-09-01 20:00:00,0,5306,13,83,34537,alchemy pay
8,ADA,2021-09-01 20:00:00,7,591786,91,54386,833189,cardano
9,DOGE,2021-09-01 20:00:00,6,2149936,482,71590,2074078,dogecoin
10,ETH,2021-09-01 20:00:00,18,1086441,51,122283,1539135,ethereum
11,FET,2021-09-01 20:00:00,0,4131,5,907,73832,fetch.ai
12,XMR,2021-09-01 20:00:00,0,233373,19,1538,436863,monero
13,ACH,2021-09-02 20:00:00,2,5355,21,123,34728,alchemy pay
14,ADA,2021-09-02 20:00:00,4,593232,73,39879,837155,cardano
15,DOGE,2021-09-02 20:00:00,8,2150850,369,58584,2076713,dogecoin
16,ETH,2021-09-02 20:00:00,15,1087519,63,124365,1541624,ethereum
17,FET,2021-09-02 20:00:00,0,4157,7,621,74016,fetch.ai
18,XMR,2021-09-02 20:00:00,0,233459,14,2209,437164,monero
19,ACH,2021-09-03 20:00:00,0,5402,17,62,34825,alchemy pay
20,ADA,2021-09-03 20:00:00,2,594847,60,48730,840328,cardano
21,DOGE,2021-09-03 20:00:00,1,2151736,303,51179,2079269,dogecoin
22,ETH,2021-09-03 20:00:00,6,1088507,34,101807,1544474,ethereum
23,FET,2021-09-03 20:00:00,0,4194,1,268,74209,fetch.ai
24,XMR,2021-09-03 20:00:00,0,233560,15,4616,437522,monero
25,ACH,2021-09-04 20:00:00,0,5457,14,83,35889,alchemy pay
26,ADA,2021-09-04 20:00:00,0,596387,65,57536,843705,cardano
27,DOGE,2021-09-04 20:00:00,2,2152830,396,54185,2081826,dogecoin
28,ETH,2021-09-04 20:00:00,2,1089592,35,101206,1547175,ethereum
29,FET,2021-09-04 20:00:00,0,4239,1,382,74374,fetch.ai
30,XMR,2021-09-04 20:00:00,0,233672,21,4995,437812,monero
31,ACH,2021-09-05 20:00:00,0,5496,11,85,37419,alchemy pay
32,ADA,2021-09-05 20:00:00,4,598164,57,50472,847241,cardano
33,DOGE,2021-09-05 20:00:00,7,2153785,335,53766,2083999,dogecoin
34,ETH,2021-09-05 20:00:00,19,1090945,43,117731,1549921,ethereum
35,FET,2021-09-05 20:00:00,0,4381,4,718,74533,fetch.ai
36,XMR,2021-09-05 20:00:00,0,233781,14,2478,438022,monero
37,ACH,2021-09-06 20:00:00,0,5526,21,44,37562,alchemy pay
38,ADA,2021-09-06 20:00:00,6,599651,65,61824,850765,cardano
39,DOGE,2021-09-06 20:00:00,5,2154909,516,52377,2086346,dogecoin
40,ETH,2021-09-06 20:00:00,11,1092010,41,124438,1552527,ethereum
41,FET,2021-09-06 20:00:00,1,4574,17,2341,74954,fetch.ai
42,XMR,2021-09-06 20:00:00,1,233872,15,3301,438300,monero
43,ACH,2021-09-08 20:00:00,0,5595,4,37,37659,alchemy pay
44,ADA,2021-09-08 20:00:00,8,602831,61,43708,858631,cardano
45,DOGE,2021-09-08 20:00:00,4,2157722,267,51009,2090756,dogecoin
46,ETH,2021-09-08 20:00:00,15,1095682,52,132439,1557549,ethereum
47,FET,2021-09-08 20:00:00,0,4732,5,2019,76316,fetch.ai
48,XMR,2021-09-08 20:00:00,0,234127,18,1878,438534,monero
49,ACH,2021-09-09 20:00:00,0,5621,10,51,37723,alchemy pay
50,ADA,2021-09-09 20:00:00,4,604069,84,38114,862238,cardano
51,DOGE,2021-09-09 20:00:00,5,2158631,295,47169,2092918,dogecoin
52,ETH,2021-09-09 20:00:00,10,1097192,44,109667,1559459,ethereum
53,FET,2021-09-09 20:00:00,0,4775,2,885,76727,fetch.ai
54,XMR,2021-09-09 20:00:00,0,234239,12,1478,438757,monero
55,ACH,2021-09-10 20:00:00,0,5656,7,34,37774,alchemy pay
56,ADA,2021-09-10 20:00:00,4,605733,71,45155,865439,cardano
57,DOGE,2021-09-10 20:00:00,2,2159517,279,46785,2094629,dogecoin
58,ETH,2021-09-10 20:00:00,5,1098311,47,95467,1561441,ethereum
59,FET,2021-09-10 20:00:00,0,4845,1,799,76995,fetch.ai
60,XMR,2021-09-10 20:00:00,0,234337,5,1457,438864,monero
61,ACH,2021-09-11 20:00:00,0,5678,4,38,37838,alchemy pay
62,ADA,2021-09-11 20:00:00,2,608150,144,86659,871537,cardano
63,DOGE,2021-09-11 20:00:00,1,2160429,341,44038,2096650,dogecoin
64,ETH,2021-09-11 20:00:00,2,1099104,37,96541,1563336,ethereum
65,FET,2021-09-11 20:00:00,0,4893,1,1002,77287,fetch.ai
66,XMR,2021-09-11 20:00:00,0,234434,8,1223,439010,monero
67,ACH,2021-09-12 20:00:00,0,5714,11,74,37892,alchemy pay
68,ADA,2021-09-12 20:00:00,9,609694,84,64443,882846,cardano
69,DOGE,2021-09-12 20:00:00,4,2161319,299,56790,2099581,dogecoin
70,ETH,2021-09-12 20:00:00,13,1099790,50,118997,1566159,ethereum
71,FET,2021-09-12 20:00:00,0,4929,6,620,77536,fetch.ai
72,XMR,2021-09-12 20:00:00,1,234525,23,1479,439161,monero
73,ACH,2021-09-13 20:00:00,0,5754,8,67,38057,alchemy pay
74,BTC,2021-09-13 20:00:00,81,3355886,137,309729,3209629,bitcoin
75,ADA,2021-09-13 20:00:00,6,611406,70,54461,892928,cardano
76,DOGE,2021-09-13 20:00:00,9,2162467,220,57007,2107241,dogecoin
77,ETH,2021-09-13 20:00:00,17,1100861,48,114444,1573543,ethereum
78,FET,2021-09-13 20:00:00,0,4971,3,900,78027,fetch.ai
79,XMR,2021-09-13 20:00:00,1,234665,13,2560,439726,monero
80,XRP,2021-09-13 20:00:00,2,278775,10,56222,2031434,ripple
81,USDT,2021-09-13 20:00:00,0,8308,0,2681,149310,tether
82,UNI,2021-09-13 20:00:00,0,52198,6,19227,625731,uniswap
83,AMP,2021-09-14 20:00:00,27,30963,28,107,28566,amp
84,ACH,2021-09-14 20:00:00,1,5798,6,99,38401,alchemy pay
85,BTC,2021-09-14 20:00:00,251,3359000,154,316098,3216938,bitcoin
86,ADA,2021-09-14 20:00:00,17,612520,73,54190,895911,cardano
87,DOGE,2021-09-14 20:00:00,24,2163388,256,51055,2111032,dogecoin
88,ETH,2021-09-14 20:00:00,95,1101785,42,130952,1576762,ethereum
89,FET,2021-09-14 20:00:00,0,5008,7,774,78263,fetch.ai
90,XMR,2021-09-14 20:00:00,1,234774,20,1670,439887,monero
91,DOT,2021-09-14 20:00:00,15,51691,12,17596,620085,nan
92,XRP,2021-09-14 20:00:00,78,279046,8,69380,2033615,ripple
93,SHIB,2021-09-14 20:00:00,2,65763,22,4057,874202,shiba
94,USDT,2021-09-14 20:00:00,23,8319,0,2879,149520,tether
95,UNI,2021-09-14 20:00:00,12,52240,3,38118,626798,uniswap
